id,username,firstName,lastName,email,password,phone,userStatus
217343,wKwYTLIft,roFZkTFeGdlqu,MBWS,wKwYTLIftroFZkTFeGdlqu@gmail.com,SsmrJhk8AI,106716579,0
7624,BrCbTfEtQooaJOP,uml,XHir,BrCbTfEtQooaJOPuml@gmail.com,n0n3BDht0C,855612114,0
227585,sIMxGE,dOVPCpWvMRZYtHh,AyzwDBmFBlK,sIMxGEdOVPCpWvMRZYtHh@gmail.com,2Vd4BxquG8,766961625,0
770373,rVKfXKoy,sLkG,wpxnCYDJ,rVKfXKoysLkG@gmail.com,Yxj1qcQmUh,853475479,0
537851,njBK,ASpssXfE,RvoRCF,njBKASpssXfE@gmail.com,kreKuh2ug0,244451409,0
908659,FRMKip,XVmftKFXeYIU,hXLnlTWQUdbxim,FRMKipXVmftKFXeYIU@gmail.com,CRAIh2aOS9,525332589,0
714075,ayFldaeVqe,TTkJ,CdJIigujFErPV,ayFldaeVqeTTkJ@gmail.com,3tgi3Xmlcc,154064537,0
506047,qvOGXZEnZ,Vfx,dMnHf,qvOGXZEnZVfx@gmail.com,KtZ4ECP2rO,956190452,0
331093,grDAtSC,pHTHPOENPGUo,htSWGP,grDAtSCpHTHPOENPGUo@gmail.com,iFuCMJXcIO,251918890,0
908974,PSnOarWzrxWVLti,fAYudNuIHGYzOZy,jrtmlunnveIbIA,PSnOarWzrxWVLtifAYudNuIHGYzOZy@gmail.com,Gid080UR6K,682208683,0
770782,ZniBNKDmNqRYJ,BlPwjd,hIr,ZniBNKDmNqRYJBlPwjd@gmail.com,ni7ZZuqVmL,277810783,0
283268,YWgbU,grPo,nPuYQQVxuam,YWgbUgrPo@gmail.com,tf8wRwVCYu,100243317,0
637178,OWGhC,wlHePZ,IQGhL,OWGhCwlHePZ@gmail.com,MESDWwuF3q,105353232,0
805770,MQuooKdSvoUssC,hIknXHlYJD,kAaZAOrBDrAKy,MQuooKdSvoUssChIknXHlYJD@gmail.com,mcbcWLwbfE,151947805,0
964126,FDADSCbQacH,Qbz,BOyDGCXscoyboT,FDADSCbQacHQbz@gmail.com,vOTQHRHVpp,785389449,0
446257,XnZrGxZP,HberDmuKu,WoqdfrkMWHZ,XnZrGxZPHberDmuKu@gmail.com,rP417YDuSO,438853250,0
723575,OfcXIWK,zhpK,pgJvNbPXhyK,OfcXIWKzhpK@gmail.com,xr8AjVVDwS,760135870,0
733745,ZtYlixzcuiwOt,nlHVadQgWWU,AxWQPKYhHnGjtr,ZtYlixzcuiwOtnlHVadQgWWU@gmail.com,Ov6GANik80,715022940,0
388587,LfSPnlPyPwYxh,OUGXfdMHsxfuRu,oIoJABgBPShKCBe,LfSPnlPyPwYxhOUGXfdMHsxfuRu@gmail.com,1OGxujggGG,805575891,0
272380,PButmhmiZ,XSO,QYbcjjR,PButmhmiZXSO@gmail.com,oau5YLRxZp,855639052,0
411619,oBRmwPgmxycS,GnKOONVXHNshTjc,jPGhBPK,oBRmwPgmxycSGnKOONVXHNshTjc@gmail.com,WuyOAtzBvN,704071396,0
68124,BPZPUwuPTc,SGzQKIRK,uIhGzPylE,BPZPUwuPTcSGzQKIRK@gmail.com,UK0JP2iyDy,675536787,0
190721,JqKJlWY,bolhIlrBTK,DeqjuUd,JqKJlWYbolhIlrBTK@gmail.com,IXEbI1lAFy,681883851,0
591832,nww,FjubDAZkoKrWM,kkxizuGvptQNHu,nwwFjubDAZkoKrWM@gmail.com,dJUY5OFxEP,204842887,0
296301,iKveqEzUj,fUygg,ctxgayysjRibmj,iKveqEzUjfUygg@gmail.com,7ouN10yESQ,585842261,0
567293,GSHCPJSJYy,zahVySkZ,aMRzQZG,GSHCPJSJYyzahVySkZ@gmail.com,pYTO6vHlTw,285204628,0
749909,saBXeEF,zvcsnnU,AqAcYDSdaHhVA,saBXeEFzvcsnnU@gmail.com,1kyQPGnCy4,207632560,0
800248,lhSPut,vLsgHl,QGroBCZIp,lhSPutvLsgHl@gmail.com,HLUEtrLCPX,440842192,0
151398,pKuKNcnTpO,SzoqGbI,ZfgiBWNNWMni,pKuKNcnTpOSzoqGbI@gmail.com,z6vNcLcznJ,184655333,0
554705,RdxEy,FMhb,QHZKByRVnef,RdxEyFMhb@gmail.com,cNlgRZRXFs,915198753,0
836826,YEFJyAHANbKNe,TGIr,chLmaebQNum,YEFJyAHANbKNeTGIr@gmail.com,jqckbgYCEL,414502230,0
742285,AIQUJ,eZCaIA,cgOmLODQknXbP,AIQUJeZCaIA@gmail.com,JhEGQ2gFe0,493116958,0
405994,OvSV,HgKMZskMf,opU,OvSVHgKMZskMf@gmail.com,ZWgpzu5MSN,881785641,0
546489,qwUP,XAn,UzdwoEhrQuvfHde,qwUPXAn@gmail.com,7qaTB573zC,154973917,0
353423,DRPgHcklUgNGVld,aLSu,Gfqvxpam,DRPgHcklUgNGVldaLSu@gmail.com,VOHiDADYhn,301620470,0
770961,KroAPwx,eSGoVvuh,JznDAyfr,KroAPwxeSGoVvuh@gmail.com,kGEtdvtoI1,236297873,0
745698,ftSqmVbt,IHKTaMLyKmg,xIPqlatJUvnafIt,ftSqmVbtIHKTaMLyKmg@gmail.com,KpCYYsB1MQ,524288256,0
181656,iptJoEWZgtJmb,yNexUcFEov,LbjytiuyvRL,iptJoEWZgtJmbyNexUcFEov@gmail.com,kehWXzU2jS,340728229,0
681780,WOSFVH,LlwO,yHUMuKoYnpO,WOSFVHLlwO@gmail.com,WgFRBQy9O1,772495701,0
336836,jDDsDKQ,ZyzLFktcvd,hWXMu,jDDsDKQZyzLFktcvd@gmail.com,u5fDXP04MW,587739991,0
878858,yysVeUI,yCTKjxqeorqvgW,yPaaJqfKYKOu,yysVeUIyCTKjxqeorqvgW@gmail.com,JDL08p6YL6,804267057,0
83985,ftHXNpI,TMPSmQeKHJrxSX,mzBCZYqWmFuRe,ftHXNpITMPSmQeKHJrxSX@gmail.com,a9riGdcfcH,137067075,0
142977,XuAlomPEmMhDS,rwjbyAKECrSfI,HNZ,XuAlomPEmMhDSrwjbyAKECrSfI@gmail.com,0Nmk6AjVVd,180312980,0
207371,lhUAWL,PRmnoQAA,xopVyguRmBethNK,lhUAWLPRmnoQAA@gmail.com,CtcwfxGPYC,129525709,0
635356,MqZBVEvFnOJH,UOlUtV,AIMlGafmqOG,MqZBVEvFnOJHUOlUtV@gmail.com,wmNoNyxFZD,467817472,0
280150,zcPQfttsUZPYW,yrsxwzuELuFkAK,rbpe,zcPQfttsUZPYWyrsxwzuELuFkAK@gmail.com,VY7P6vxsKx,571019313,0
289704,hShGQw,EYLNkwlhSjJfj,oLIHXzZeiI,hShGQwEYLNkwlhSjJfj@gmail.com,aNujorHKy1,470134951,0
773261,AmccbJnMRhXV,ujQL,XFfqJge,AmccbJnMRhXVujQL@gmail.com,mzBkoROHoS,285594006,0
998968,SkkyXASTnR,KJwTQTcpT,ToqbVQcD,SkkyXASTnRKJwTQTcpT@gmail.com,UD3snrgODM,807096788,0
517283,DWsiEYG,TcpRRulJcFVsBxQ,CvKMJBqT,DWsiEYGTcpRRulJcFVsBxQ@gmail.com,V72kKdKWcY,237563895,0
320462,DASzxhFcoVZTs,kYrv,ujKKLJUDV,DASzxhFcoVZTskYrv@gmail.com,xeOWOOfPrj,423709743,0
762021,YxhhElxmBuzBaVB,zdvO,CHboNvXWBh,YxhhElxmBuzBaVBzdvO@gmail.com,t4y4lDPgXd,717781703,0
726835,IPjQCczHDVM,DOWTUjuJ,wEcsVnk,IPjQCczHDVMDOWTUjuJ@gmail.com,lPhfKmiMIu,506893198,0
130313,qXimtRspZs,WeDKEFXbR,DGzxUpmsvxKMdu,qXimtRspZsWeDKEFXbR@gmail.com,izrkCc8dHB,967927336,0
312671,RIufFAVQ,qRXhFJhNNli,SKrBBZHCmcHc,RIufFAVQqRXhFJhNNli@gmail.com,9HoMuM1Xno,595723233,0
695631,xMsjC,xBCaBS,YWGakijPGW,xMsjCxBCaBS@gmail.com,VXcMxHk6Hx,657383794,0
291882,KgMPzXi,YPSa,xTgoAgqoU,KgMPzXiYPSa@gmail.com,mgKlvyPYvd,679655190,0
335421,rkl,JyfcLVMxmilPZI,mZHSa,rklJyfcLVMxmilPZI@gmail.com,WF9144yh0H,563039505,0
429863,PVVGdkfyLJCbH,FZSD,gZMsyjXmIy,PVVGdkfyLJCbHFZSD@gmail.com,BLuU0Mx04j,786293105,0
274430,rhI,LNHroFrx,VeFFIfetJTocn,rhILNHroFrx@gmail.com,d9GEDlpGsa,882959577,0
604243,EzI,QasNNSGwLtnpPxk,IEDtYbo,EzIQasNNSGwLtnpPxk@gmail.com,mRlMPPzEBj,456553610,0
897226,Bbsc,XHLdtxkFdUUxoGr,IyotteLhsamu,BbscXHLdtxkFdUUxoGr@gmail.com,kM821hASAU,304488626,0
898629,pctMxGTDxiZb,bZLtlZqjE,ushPLz,pctMxGTDxiZbbZLtlZqjE@gmail.com,v21zJcueVp,397865098,0
817053,Tcc,YqrzlqlvvDand,RmqoR,TccYqrzlqlvvDand@gmail.com,9pNG3XqnNy,541366023,0
719983,kfxAbEYlrQ,EReuMUGjZpdn,cmU,kfxAbEYlrQEReuMUGjZpdn@gmail.com,ufxURicRTv,148375836,0
444554,UTNJw,kmeRILqRJqF,NIWfUkxmQFFK,UTNJwkmeRILqRJqF@gmail.com,fuV1VQgzvD,148315479,0
845113,TJZOIKyWblqMG,GtwfiTVxnEVRJFb,gmYwPHNGSS,TJZOIKyWblqMGGtwfiTVxnEVRJFb@gmail.com,xgIjXM8rQM,236250507,0
65373,NTiobzuTmVcTip,EDocFAPrx,UNsv,NTiobzuTmVcTipEDocFAPrx@gmail.com,hdC8PCAgY3,130938017,0
108797,WsF,QGpwMAkvOrJETq,fsfjqC,WsFQGpwMAkvOrJETq@gmail.com,VFcDnjJWGC,489141983,0
994599,WTcnZbyYfdXA,xIo,ludwwXEWAWSA,WTcnZbyYfdXAxIo@gmail.com,LNn2w76iq0,999433808,0
284176,xPHFIeoZRP,woEdYmmGyw,SLFMnS,xPHFIeoZRPwoEdYmmGyw@gmail.com,QcaJgfjdVI,774606449,0
317041,JOUDjb,ImSGYkyeZJpF,bskYgzjyAr,JOUDjbImSGYkyeZJpF@gmail.com,WF5uRv6F2H,757446687,0
189952,xYSgt,QwPWRtJEvgxEdw,diWfseeDgFJz,xYSgtQwPWRtJEvgxEdw@gmail.com,Lt9nmaoBOj,780308805,0
403788,XOUsHrFH,bZGGwOK,jxUtJBL,XOUsHrFHbZGGwOK@gmail.com,LxYnDHHJnf,444471032,0
289847,ddrmmVHuJjopxfu,yuJwMynjUL,dHMDeaTxhYAo,ddrmmVHuJjopxfuyuJwMynjUL@gmail.com,MhJmv2W66t,222854992,0
308642,NtBuJMRyb,xnvMPpMxSOTJP,IOqgDsgMdz,NtBuJMRybxnvMPpMxSOTJP@gmail.com,IMz4DMXam5,593005375,0
766382,LjUVviPo,QIZfmUdvcEEkYf,maCqvFy,LjUVviPoQIZfmUdvcEEkYf@gmail.com,McZ1oXaCnW,418273604,0
427673,JVTLlwchjqg,xckPXqItCPykerK,nYeT,JVTLlwchjqgxckPXqItCPykerK@gmail.com,ivCcwiGtOg,538770889,0
161871,iOqwtZyN,FUdTiuODIvuloY,rscR,iOqwtZyNFUdTiuODIvuloY@gmail.com,KQje3TgR5m,930868266,0
91622,tldPqcvQhAMGBZ,ghxzh,dLfKre,tldPqcvQhAMGBZghxzh@gmail.com,c9hzrwo18b,792651657,0
42353,ogir,qItQtaNfC,htsd,ogirqItQtaNfC@gmail.com,IHsGlTvrvH,558147350,0
474563,UHuvknIvYHLfy,zmLQB,rdEqHpMuT,UHuvknIvYHLfyzmLQB@gmail.com,1aBNdY8sF3,928857183,0
504542,GmZmRzyVYgiv,diaxVo,bBQCFpKtOI,GmZmRzyVYgivdiaxVo@gmail.com,K7JdK9xpDw,573478454,0
972154,ZAOVD,nszphIuVkGPodhZ,CkpskJ,ZAOVDnszphIuVkGPodhZ@gmail.com,2qE08AjoV5,331384588,0
129698,SxyZz,ZNiWFMtweJNh,hggtJAcXqgZ,SxyZzZNiWFMtweJNh@gmail.com,0GhnVJDGiq,303012758,0
912687,AbYcorUR,ZEVuKpdcWFnssa,jbzyuedyLPmKSHL,AbYcorURZEVuKpdcWFnssa@gmail.com,S8i16PiW3g,348777111,0
169118,njFs,OdbUD,unUuKkid,njFsOdbUD@gmail.com,yi3owsaskF,165679554,0
952832,ZCXqGNwFzyNq,TFaavIUqRTAT,mKJ,ZCXqGNwFzyNqTFaavIUqRTAT@gmail.com,mkfXoo8JAy,435406716,0
856153,Nnox,SGZyH,vUXMhn,NnoxSGZyH@gmail.com,wfaa6NKFcj,436421350,0
41446,uRDcqe,AQwhZDzEIDd,oGApVqewJLukV,uRDcqeAQwhZDzEIDd@gmail.com,2C53kseIsK,456584456,0
239403,mVpxbSspnVkhZr,FCE,WNIhrZI,mVpxbSspnVkhZrFCE@gmail.com,Z5bGJrvEG3,358974811,0
952253,qmELOxlrhg,hErTcZ,jOcDm,qmELOxlrhghErTcZ@gmail.com,peZUyFKOeX,417713574,0
278604,ghNjwTfEEDi,mFpfO,vSlBJSnfazGsMka,ghNjwTfEEDimFpfO@gmail.com,n83iBpQ1Ud,714867209,0
314762,qzeZJMg,vcwlHBM,MatSPeRU,qzeZJMgvcwlHBM@gmail.com,2FsAaVz1Pk,522654599,0
93168,LkALNsdhtrtc,mIQkhfgccq,sObLPIXGKklLU,LkALNsdhtrtcmIQkhfgccq@gmail.com,fCPU0ljzYj,628988688,0
861097,iMs,NoiICPPpk,jAcdKLexEdOe,iMsNoiICPPpk@gmail.com,Njt57w8BEp,670861054,0
922896,BzOvWEsPjE,JzCrZIzFYWyX,FmQbqUarvDrh,BzOvWEsPjEJzCrZIzFYWyX@gmail.com,SXiAzJE7dr,381967118,0
960289,MDTttjQtpvkHU,JKbUB,aezpIOMdfV,MDTttjQtpvkHUJKbUB@gmail.com,Mh699sCyi5,528874140,0
381484,wwQoELcKpe,CarIXUA,uCgVOyLYuPteNc,wwQoELcKpeCarIXUA@gmail.com,SeoTtGFLz2,864715923,0
480075,YUTJy,eptwxchPVQ,HWAjnxlBmfHRD,YUTJyeptwxchPVQ@gmail.com,CBBkbScI4H,904966296,0
958274,ICcfCvdZBex,YrOaf,yoBm,ICcfCvdZBexYrOaf@gmail.com,RzDqjoGpc0,632843091,0
417937,qtexudA,TXs,Lks,qtexudATXs@gmail.com,V6Vy8CWYsx,244723590,0
903454,QrJbaW,NxWgmur,gXGg,QrJbaWNxWgmur@gmail.com,RANrQtiZzI,142481201,0
566267,doKrluAnd,LaeisqUTwgbJmj,kCEdcO,doKrluAndLaeisqUTwgbJmj@gmail.com,3VS1MsgHgF,663789090,0
932678,eLn,FGeQRO,BCpzvMzSuQsl,eLnFGeQRO@gmail.com,KjAhZAxhsx,522259467,0
58931,gHBAntrOppZUam,kQLTbGTLx,vfq,gHBAntrOppZUamkQLTbGTLx@gmail.com,SLvfjY3uOB,806464965,0
494400,ViGjlw,MyBulVFOAq,ArwdGmDn,ViGjlwMyBulVFOAq@gmail.com,YV7Rh6jLeB,367819370,0
819945,IkWAevkEKGdI,Kkm,GZsgosj,IkWAevkEKGdIKkm@gmail.com,AVO6VYaqAV,838077304,0
842533,fUwanu,DRFTShQXK,lYngaMyjGAaZd,fUwanuDRFTShQXK@gmail.com,XVFONzr236,443346567,0
602478,NSgjBxWu,pHUz,OtdwRdlpULLiJTK,NSgjBxWupHUz@gmail.com,NBJAYyFTEi,581189371,0
693889,sKWCjAOsOtwMa,rIwJ,htZVWImDNmTOE,sKWCjAOsOtwMarIwJ@gmail.com,ZqIa3CR96n,653889720,0
927632,PLhGQbRR,vcGxUY,NSykRGssqF,PLhGQbRRvcGxUY@gmail.com,oU88mC7iFH,836879004,0
208518,ZuNmrocd,xbaGBV,EnJc,ZuNmrocdxbaGBV@gmail.com,tzQtz59WTW,498578539,0
693363,WKPDhYCKvfjhrgC,MwluBszbFPV,kFZbAnowF,WKPDhYCKvfjhrgCMwluBszbFPV@gmail.com,dJhYSaUhCL,635047157,0
791656,EsUFVvjgwSmvLzT,sOlGcCqBhXD,IRU,EsUFVvjgwSmvLzTsOlGcCqBhXD@gmail.com,6E0D4JeY46,689101482,0
422867,DGMvXztwn,xgiBmePVkxBTpUU,IYIRAlwatv,DGMvXztwnxgiBmePVkxBTpUU@gmail.com,EXBPp8vI7f,221901191,0
860066,QKk,kWbZseFJdL,reeyEMaeBGO,QKkkWbZseFJdL@gmail.com,KbbiBMah0P,136088398,0
867914,waIiAwNaGXcZ,lgMGM,EVO,waIiAwNaGXcZlgMGM@gmail.com,XIR5DUcjxE,857617810,0
976367,UlLX,iUKGcCYWGNqhF,vJrxvJG,UlLXiUKGcCYWGNqhF@gmail.com,PeA57PLFtX,610027023,0
269791,kREDoKfqHVFU,CTQtLCx,yxMrOjVmvjnCDBV,kREDoKfqHVFUCTQtLCx@gmail.com,LSSsmg7B1T,813071075,0
545497,slyYCOuSfYWSmwO,mbvFFKQOxtZnhM,NAMGaRshQV,slyYCOuSfYWSmwOmbvFFKQOxtZnhM@gmail.com,F5iH58B9rY,214631157,0
308768,IzCPqNxKui,BOvpzzaaOWq,YGaNOtPKxeMe,IzCPqNxKuiBOvpzzaaOWq@gmail.com,23YFQcJjUV,987212031,0
8080,trkYLYCYG,OdL,eXzAugr,trkYLYCYGOdL@gmail.com,VItXxzeoOz,271893018,0
666951,OAqjXIPVeEaz,cdgQgx,UXrBn,OAqjXIPVeEazcdgQgx@gmail.com,RuZBjRqzg1,107116636,0
138537,nVO,cWxaecABGtEmqEa,fNwx,nVOcWxaecABGtEmqEa@gmail.com,486JV59sCn,347179187,0
817066,eLROEHTvcbVdb,BKAUtCcRZhmS,GXpuyscye,eLROEHTvcbVdbBKAUtCcRZhmS@gmail.com,dAV8ZGExfx,532820521,0
372182,aQDEcRFlbZ,cWHpnGSuKCDES,vmJelxjXukx,aQDEcRFlbZcWHpnGSuKCDES@gmail.com,dP2KgeFDlC,767044977,0
318802,venxTnjgId,uhmhfhavtQVAwMr,XsKFsbSYpJ,venxTnjgIduhmhfhavtQVAwMr@gmail.com,FjHP4MwYxs,920752930,0
978837,pudaVtnFuuxyGlY,khDNu,aUcXlWLBU,pudaVtnFuuxyGlYkhDNu@gmail.com,mD0LwSA6TU,726991829,0
642532,TBseXVjZmGzakSj,uecWvNqXMqY,CIHhzeVsadluCd,TBseXVjZmGzakSjuecWvNqXMqY@gmail.com,FktmP0OXIk,779481991,0
381923,ShdNZDYOecWnXVX,kORuxVl,JnDRqljns,ShdNZDYOecWnXVXkORuxVl@gmail.com,pfQj56bDcm,215458909,0
722274,ACCmQYePh,IafXmiZcbk,dmLLzlZVkvLVsBn,ACCmQYePhIafXmiZcbk@gmail.com,mjLaP96m5r,505946160,0
920305,ixdsdgkl,kMHumHBEsjjJ,Yro,ixdsdgklkMHumHBEsjjJ@gmail.com,9dgba42Lwe,474578750,0
714324,nHxbYiusxf,rgIzKQSJcyhDwo,YdPJnCYOSsbtXm,nHxbYiusxfrgIzKQSJcyhDwo@gmail.com,pEjaH9GfbC,795197008,0
444234,qGPXxdGyCT,hcXYtKfIH,vleKfcw,qGPXxdGyCThcXYtKfIH@gmail.com,SVbUcINMIv,416266548,0
894119,mhNYMxTBpokm,qgc,kCyXBPoFgyICFI,mhNYMxTBpokmqgc@gmail.com,QmUw3PjqTA,109277039,0
636810,nlkrVJGwVoH,RfnZKVQCgr,JPBdOGYq,nlkrVJGwVoHRfnZKVQCgr@gmail.com,jwG944FusU,602869703,0
800534,pALCGjmVBlGtB,rCJsnoRpCKSosBA,qkk,pALCGjmVBlGtBrCJsnoRpCKSosBA@gmail.com,g2O8g2l6WP,754252893,0
174008,buxX,ZcUwMV,WeMgnxizYVpoKt,buxXZcUwMV@gmail.com,x6wXa1PL0F,184958527,0
901750,KUdmBtJIyJS,kJDDbHQ,UOXHvx,KUdmBtJIyJSkJDDbHQ@gmail.com,eZ4CoQUBSu,829197811,0
710551,GFvBeFMZ,MkffXWMADCDPJq,GJwlsfIx,GFvBeFMZMkffXWMADCDPJq@gmail.com,QERYJNNHOK,261459559,0
570040,LlQtJCBGgfhHrEg,SQSsXaxioOUlG,smewLhV,LlQtJCBGgfhHrEgSQSsXaxioOUlG@gmail.com,bDS26ZpYJK,376896550,0
483668,qedOEGAwc,CMHpkC,gkDtjexyl,qedOEGAwcCMHpkC@gmail.com,gebDGPZbe7,778539333,0
270981,ahW,rlwLNlpMKeiuiYW,EXXensWbtgIdQ,ahWrlwLNlpMKeiuiYW@gmail.com,Bxm4GkiAtE,818411207,0
192747,mCBZUxUa,ViiJylJFTYa,llyqah,mCBZUxUaViiJylJFTYa@gmail.com,SINW5GS3wn,941169390,0
259563,nMwu,JUQDuMNjeca,BNESmRrOeOpK,nMwuJUQDuMNjeca@gmail.com,YOi48WWmAX,655945529,0
454686,sZDwEJczGn,cdThbi,ULeHAVMHiAVlChb,sZDwEJczGncdThbi@gmail.com,VJG4bxBKdM,274119580,0
336761,UzPuOKyD,xAWplJCxGFcXb,TPLgQvtNHs,UzPuOKyDxAWplJCxGFcXb@gmail.com,tYHPFe54OH,603748557,0
95028,vtLPIJD,vnQhDcDppyE,tJMVEMlnuh,vtLPIJDvnQhDcDppyE@gmail.com,Pr6plb42Wq,803861803,0
911152,YBmNxXcsA,izNyC,EtsaZPH,YBmNxXcsAizNyC@gmail.com,ScpSDKfHwe,107846503,0
761870,jCqm,ZJnXaUyJYHkob,Oeo,jCqmZJnXaUyJYHkob@gmail.com,OKofzkxhU3,450200890,0
28292,dHagPmKxSrbbZUU,hGjD,KHfRfnUWb,dHagPmKxSrbbZUUhGjD@gmail.com,zY13jJzClL,152131089,0
631186,GIYt,aqV,phFAFOuXqVVQgV,GIYtaqV@gmail.com,Q7VYOOIG6F,323828334,0
994559,EqYtBTVdP,wSgFmcjuKBdicfG,WWvYsMG,EqYtBTVdPwSgFmcjuKBdicfG@gmail.com,6JAbapIwtC,841911151,0
300032,ddRhKkTgaKpOVAG,TAGHrozI,NsuTCJQ,ddRhKkTgaKpOVAGTAGHrozI@gmail.com,RKdN6u8pLq,617082923,0
593883,rjYYrVsjZSwg,etFCOjlax,Irrkp,rjYYrVsjZSwgetFCOjlax@gmail.com,2q7pdFflkT,372228377,0
758946,aMwLSyJ,wovZKOsqwKCbZ,Jtz,aMwLSyJwovZKOsqwKCbZ@gmail.com,7Jh7h5q8cQ,401482664,0
876598,CMmVl,VadncaUOvzwFwYt,Aduhcg,CMmVlVadncaUOvzwFwYt@gmail.com,qnewSg2x7h,462718116,0
973033,XSzBHNMrAH,bBLiWRFGzFhPZp,GJTiTGYcF,XSzBHNMrAHbBLiWRFGzFhPZp@gmail.com,s8MHxzg8Ya,466110124,0
498080,EEOlrpmZVSF,gek,PCerredLPL,EEOlrpmZVSFgek@gmail.com,ZF2purnZLF,179694761,0
387297,hCNycbGTyN,BflqiBhrZPMixTW,JBzQGbgJUpDP,hCNycbGTyNBflqiBhrZPMixTW@gmail.com,B90ud0cn1P,484250938,0
487586,UyeIhnjj,OTRiDjMNh,XdgN,UyeIhnjjOTRiDjMNh@gmail.com,dgyIcQ9Zzm,116757403,0
768054,GbjQhNmSZb,TPTq,tvya,GbjQhNmSZbTPTq@gmail.com,o2STIj0zSc,418260782,0
596579,AEBJWLLcMQF,NQLaa,zxnsmltqf,AEBJWLLcMQFNQLaa@gmail.com,5ugKdxlvYu,944672796,0
560101,FsaHFIgVvAfenXB,AeiLZ,yHbQAgCSGmo,FsaHFIgVvAfenXBAeiLZ@gmail.com,bVuFxDI3Xo,254678195,0
825676,Tuhms,tzMkcr,EAWosfWEgmqHXs,TuhmstzMkcr@gmail.com,UX21qhW2VN,192790832,0
684184,EknZlm,JbgN,MjDWjsfZdlZFMzr,EknZlmJbgN@gmail.com,aVAXpQZ9uR,536173650,0
96945,ClVr,exssk,LDybelDIcVPm,ClVrexssk@gmail.com,AQjUnwkqAH,290008118,0
919306,QoqCL,EVlEWjO,OQunzeFLkpHkazG,QoqCLEVlEWjO@gmail.com,HxVn6iALfe,680918403,0
302272,HYsAMXvNUvLUkz,SrZWSSeheiB,FpC,HYsAMXvNUvLUkzSrZWSSeheiB@gmail.com,rhD1ZqVQpB,192967973,0
662029,fMWEnRCTVzazln,zkPKrbwrRShv,njbTsMmCXEW,fMWEnRCTVzazlnzkPKrbwrRShv@gmail.com,jrgu5xvY74,466937209,0
231149,WQgiAiWKLHF,odCyqWfREyFWM,eKCGyifq,WQgiAiWKLHFodCyqWfREyFWM@gmail.com,dojz0NRuEd,833766233,0
161376,fUqSYp,uatIJVtJ,TvZVEKIXOnbh,fUqSYpuatIJVtJ@gmail.com,B2XG24Vmvi,529163589,0
908119,yGXJoNphiUtVg,GPPLVqlX,rONQnNSuE,yGXJoNphiUtVgGPPLVqlX@gmail.com,kHXvFyQSos,220903146,0
980419,wvlTjKngHWl,vkgx,jVaZt,wvlTjKngHWlvkgx@gmail.com,0vV79tSVlS,870975871,0
113823,ZlKcYTLUoJ,TZReAPVuUiMDHL,RGGzTudv,ZlKcYTLUoJTZReAPVuUiMDHL@gmail.com,GjSa32t7b9,706808770,0
219607,erk,WgQQnPpCZHNCgY,MBLXyvjhfGYVJct,erkWgQQnPpCZHNCgY@gmail.com,HOA2AcQAGa,950683654,0
416876,kRTMNwwhzlp,WmXupgoh,IOXNGktcU,kRTMNwwhzlpWmXupgoh@gmail.com,u45RQ1hOu6,823508162,0
184588,LcpNfJVDHBEKkg,ndnkHPlJGYScuf,yIR,LcpNfJVDHBEKkgndnkHPlJGYScuf@gmail.com,1MzZpyGAMG,763264555,0
799510,lUDNGRbMycs,XyEOeUfNdrELw,OCwYkp,lUDNGRbMycsXyEOeUfNdrELw@gmail.com,SuYFGMqBpA,856800456,0
524021,YbcAXPMh,uogIbzH,MPSGQitWWLuDhOf,YbcAXPMhuogIbzH@gmail.com,1FJqngtCH3,495017282,0
74881,wcRXyLnjqzXPgn,SUBtnrkv,HZjQmQUtA,wcRXyLnjqzXPgnSUBtnrkv@gmail.com,qL12hAW9dh,878604692,0
208459,SHSVzCCtvAjGE,xmxUyHpfAbAF,clyQZfBKffYK,SHSVzCCtvAjGExmxUyHpfAbAF@gmail.com,dEBrcxG3Fh,480573301,0
959295,jpkLAXDIRnToBU,wLhXSLVmCv,AcLB,jpkLAXDIRnToBUwLhXSLVmCv@gmail.com,THW5WoYJjF,589063574,0
310416,HVDUGGuzrscF,fZtEHjvy,agYRhmBpVtZmc,HVDUGGuzrscFfZtEHjvy@gmail.com,yuUCv2eHgM,432595208,0
338100,kDbd,JWOCaiVF,KzaQlZCUNp,kDbdJWOCaiVF@gmail.com,50PiC1XDda,851567913,0
516150,HGoS,rEYvUuHQN,jlK,HGoSrEYvUuHQN@gmail.com,eT9qd2uw0F,282744271,0
894525,LcPpMhQrIqtWoo,zUCMpqUeJIy,ZYICDwLsa,LcPpMhQrIqtWoozUCMpqUeJIy@gmail.com,oHNMi5elVf,797852955,0
938001,nJJMLunj,WjzYFLFFI,iagD,nJJMLunjWjzYFLFFI@gmail.com,4Kazztwcz4,947076392,0
254068,xQmVchGthJSut,CMxdgac,AykjbLfz,xQmVchGthJSutCMxdgac@gmail.com,Yl9mUIvaRe,896976233,0
710064,pyBY,HVJ,bcik,pyBYHVJ@gmail.com,5nfBv8lPdQ,799922031,0
543965,LDJVoeQxmfH,ybgssZF,vQUGGphKXRvIImq,LDJVoeQxmfHybgssZF@gmail.com,4BXgjXRrT5,122135916,0
458150,AfDkQQs,Lgqf,KwgYhRA,AfDkQQsLgqf@gmail.com,JBnj7i23cR,891489592,0
944897,MoeCTAbJsbLo,ArMzkgaz,cxprD,MoeCTAbJsbLoArMzkgaz@gmail.com,BLeRP5h5jJ,879279944,0
699788,iTtYugh,oGomN,mWWBrJSoVzYqh,iTtYughoGomN@gmail.com,JFpQPagmPj,272616921,0
90064,UFSyhPOTQl,ExrernurQgFIiq,AaDVvyZEBdozJ,UFSyhPOTQlExrernurQgFIiq@gmail.com,sudtViOEk7,234502043,0
723228,lXgV,GJWgnq,tXqkHCIhwGlcW,lXgVGJWgnq@gmail.com,Fua2dEDDnu,730410239,0
167821,YbRPeyEq,WpbRuGfrYvJSOj,vRWGbxIuZA,YbRPeyEqWpbRuGfrYvJSOj@gmail.com,EE9c2dzsVN,315425614,0
36388,LlvnYUzn,NJNVoDFE,VBMZUMiJLsoj,LlvnYUznNJNVoDFE@gmail.com,BoBFmfyTu0,788002302,0
54031,VcoExS,tILiomHmKURfCL,QQsp,VcoExStILiomHmKURfCL@gmail.com,fu0CNDzKl7,418461248,0
179721,QoPsFI,OmCmkmIKT,OvLxHOPJqYipM,QoPsFIOmCmkmIKT@gmail.com,4PbXwxUsDg,211505584,0
460952,NHkh,XEnYwBuGVVqP,lrAov,NHkhXEnYwBuGVVqP@gmail.com,zCPhYo54oM,823865902,0
75418,OWjxoxVA,hRQPROiAlpoE,yJclrynIR,OWjxoxVAhRQPROiAlpoE@gmail.com,GpzG4NS7CD,430626443,0
331598,Akr,HAsNMBJxaIVLbW,uxUFyuOuvhnGA,AkrHAsNMBJxaIVLbW@gmail.com,qaWeX8VqW2,857315054,0
291676,OFmtMAr,bDKzkDeZ,XpQmRqOnLpkY,OFmtMArbDKzkDeZ@gmail.com,OKtw0i94ZH,273551587,0
247504,cBbUxiN,BmNJ,AoukXyj,cBbUxiNBmNJ@gmail.com,KIXSKFdrvl,629035754,0
97066,XZI,oGmj,aYST,XZIoGmj@gmail.com,pqAlO8fCp4,131216947,0
19125,ggiNqGwgTP,JDIptBDaalA,MQqbCVmMHzd,ggiNqGwgTPJDIptBDaalA@gmail.com,obeY07TUVN,793985463,0
832725,boZ,JsdGhlKwWPd,pDMCvDeAvR,boZJsdGhlKwWPd@gmail.com,UsaDun595t,411008030,0
215050,pkEzDuqi,fqnvUDVmwlmHls,bNleo,pkEzDuqifqnvUDVmwlmHls@gmail.com,vkkAiXEGzv,370706594,0
44036,ldYuywdABnmcgoh,jBpYosf,XoqbuVgDCGfbgs,ldYuywdABnmcgohjBpYosf@gmail.com,oj0DTpVqRq,802641379,0
623818,aTABN,BBzdOy,eNkP,aTABNBBzdOy@gmail.com,OC7Z0BMQRv,177496385,0
749094,uTOGFXqaKuunGVT,irJfEvUeYqkEsd,LoVUOeVbDQcAEOz,uTOGFXqaKuunGVTirJfEvUeYqkEsd@gmail.com,RPehHAi5ia,180205331,0
755536,MpZOSmXBJc,sTwBPkR,BuUxyjzWaSHBwIi,MpZOSmXBJcsTwBPkR@gmail.com,uZUK6c45Dz,335952195,0
552983,XrvEswXf,NpOseLsHdVdZX,FDUe,XrvEswXfNpOseLsHdVdZX@gmail.com,t1RCxUyQ6f,981866899,0
313410,meuAu,jrr,LTWyDK,meuAujrr@gmail.com,LZwjakMma8,933730215,0
232695,JfEFHdNR,duUVbvcnWHqgBBV,qDiiYOKFR,JfEFHdNRduUVbvcnWHqgBBV@gmail.com,t1fghzm1s1,954957654,0
961713,bCSONF,DkkH,ySOf,bCSONFDkkH@gmail.com,0DvqNssNb4,885858449,0
968489,bxFeRNl,xuKRDVWIdVRmo,BcjjgfQw,bxFeRNlxuKRDVWIdVRmo@gmail.com,4pWApDjD7u,667437319,0
276461,hordOBQ,NuKxvn,RDpDAEzt,hordOBQNuKxvn@gmail.com,j8nNgPdqgC,463160653,0
502463,YZPgr,BFDCslrnsEhAHtw,SloFJKHmgqhV,YZPgrBFDCslrnsEhAHtw@gmail.com,RlcJho5P74,274227954,0
984940,wxPLBrFWAD,iCuxWyQzLrvQBy,YvX,wxPLBrFWADiCuxWyQzLrvQBy@gmail.com,FWX3siUUIH,890867351,0
71613,ironcrEpPccZ,TmPkCsYxAuAP,LXZAFalrhAcc,ironcrEpPccZTmPkCsYxAuAP@gmail.com,0K0JdD2ZJ2,131199869,0
923895,MqSunYC,QMVCs,OczCGNeojjgwPmt,MqSunYCQMVCs@gmail.com,nNal5aCxoB,310989093,0
878925,zEErkeOCHHuPuK,ufmUXh,CJTWTjMrmZmpKF,zEErkeOCHHuPuKufmUXh@gmail.com,CyLy50kzHJ,324811285,0
29475,aGKmlMXEXF,DavLcQezkRMNuzh,PICwsnhJbdym,aGKmlMXEXFDavLcQezkRMNuzh@gmail.com,gAfZGMzyHq,229498776,0
965398,RzKjYTzbBqlXMV,xoYgcqTTq,mHPEIDJgdVhr,RzKjYTzbBqlXMVxoYgcqTTq@gmail.com,jMnOWaFYjY,755406534,0
239443,EPIJJPOplFr,orlbWAREaYPpQy,agbkExykvGCZc,EPIJJPOplFrorlbWAREaYPpQy@gmail.com,jlBuufnFBa,408827370,0
288446,DNoGhLNnobzPYM,fCYcvkdiENXZs,GDJXffUfMPDd,DNoGhLNnobzPYMfCYcvkdiENXZs@gmail.com,5PMVqo4d7r,997138835,0
913774,LAgaM,VqbTGWI,rcJZ,LAgaMVqbTGWI@gmail.com,29niFJmrtA,517082068,0
359720,hRmLuEpz,rQFuyweHoJmWAwo,KKkhmdutj,hRmLuEpzrQFuyweHoJmWAwo@gmail.com,Vp9u7CLXIy,724499713,0
898356,owaOpNucQbeariD,AXgk,CMfMiRjhHvYdR,owaOpNucQbeariDAXgk@gmail.com,czNZUOa1cB,746962930,0
348781,ueuIjMm,OqTs,dooe,ueuIjMmOqTs@gmail.com,GAAPfk4AWd,456506172,0
355595,gxaWVf,qmu,LWfjGUGutqZO,gxaWVfqmu@gmail.com,FG37jDeqoo,823161983,0
748914,HZSpc,BuEuRK,MJludFs,HZSpcBuEuRK@gmail.com,HC79YsAQFG,765877726,0
877262,yASKTBDNzA,RdYB,avnBrF,yASKTBDNzARdYB@gmail.com,8I7XUR8TrH,508052161,0
985454,QAEJowmMwLJNvY,open,WCsJiTPKS,QAEJowmMwLJNvYopen@gmail.com,qcJMfQlDEl,940582964,0
306197,StWyA,fPhuTJrX,gHLwCDqifvIAQCq,StWyAfPhuTJrX@gmail.com,QjYNpGXGxu,766440967,0
865311,QWCRfAmvHrKr,vVRqIvqjVQSA,lfkfSoxsk,QWCRfAmvHrKrvVRqIvqjVQSA@gmail.com,80dc4VqihF,867893361,0
775430,GVnahOXFbvn,XFNQjFkGtju,ODouqLC,GVnahOXFbvnXFNQjFkGtju@gmail.com,MGGqHheBej,396532924,0
825112,CiOcluuJycW,PBlWM,gUK,CiOcluuJycWPBlWM@gmail.com,08GrQY9JM6,828209306,0
307494,BnKFwrrwbruHtcm,qKGaiWG,jmVsuQcGD,BnKFwrrwbruHtcmqKGaiWG@gmail.com,NH6DY8ZDEB,368146357,0
352720,rReuxjHpJhZ,Xzzv,kNPhdSOBq,rReuxjHpJhZXzzv@gmail.com,yDt93vMHNE,187280345,0
634426,VidMGYgdI,pAIsrTHKjgzq,ZshYvtvH,VidMGYgdIpAIsrTHKjgzq@gmail.com,DptsB1fjyp,817198747,0
794728,qkwGm,Slc,fYkz,qkwGmSlc@gmail.com,MxYeqbb38Q,236739230,0
39745,MrDAnHIvSycVu,TjjnQvQoloi,iIGN,MrDAnHIvSycVuTjjnQvQoloi@gmail.com,KG7mYSR7N5,956176189,0
351211,slprhaNWTa,gNuPXMepysFDqk,ekwhYMpgO,slprhaNWTagNuPXMepysFDqk@gmail.com,TKiBQamIgN,604358857,0
679326,PZWmMQmSkDN,Vadyx,ZpwIDb,PZWmMQmSkDNVadyx@gmail.com,1sjD9Clawd,732354081,0
809394,muPNGobu,GXezX,LNBYbrxWWoLVm,muPNGobuGXezX@gmail.com,2wqJ9AWBtk,319456215,0
922440,DEmJmJ,FhsVltiCSEprJVh,YcDiIOEMHB,DEmJmJFhsVltiCSEprJVh@gmail.com,lrzCLCgnpr,182363926,0
397332,EeXpHyFKmqd,cCGXlHHnodwOnnU,WTfWaUplfGWPi,EeXpHyFKmqdcCGXlHHnodwOnnU@gmail.com,fczjC8sQIh,916993196,0
709914,rXHq,OiP,DRTwJcMeXms,rXHqOiP@gmail.com,EV5HDLAfVa,505761901,0
243364,tFlHy,DEEtRxDUPr,TGKleICr,tFlHyDEEtRxDUPr@gmail.com,Rd1IhyY5wA,236249138,0
47571,FPfLHlsnGaPHy,IfnpeRtSX,JcWimMaFG,FPfLHlsnGaPHyIfnpeRtSX@gmail.com,L46QJypGRC,187678967,0
211737,xaCAEmh,IebxEldbE,bWaF,xaCAEmhIebxEldbE@gmail.com,Ycpd6AhI6n,557400648,0
698788,OqqxFEswVY,SzFpbxehVPpa,figG,OqqxFEswVYSzFpbxehVPpa@gmail.com,EidilYnD2B,953058393,0
889826,kwjzJflgCNNcoZ,qOWkzg,gfivJHP,kwjzJflgCNNcoZqOWkzg@gmail.com,38GCRo7Xhs,807183498,0
62745,SKQUeyhhNmV,OzVbXYXsgktrHhP,vZiuW,SKQUeyhhNmVOzVbXYXsgktrHhP@gmail.com,nS227rn6gj,212751668,0
321531,SFOvgTS,KjIcLUQSzeHa,eAYSMBG,SFOvgTSKjIcLUQSzeHa@gmail.com,t8QBhP1OX6,542874902,0
208165,TOagAoqnyHXuvP,tdkPioXxrIz,tiNoVLtbpbet,TOagAoqnyHXuvPtdkPioXxrIz@gmail.com,b1XJ5hUpD3,318919843,0
986012,rJPMU,yAeeBPesiSVLoLB,jaTjQf,rJPMUyAeeBPesiSVLoLB@gmail.com,FElalV8T0T,809677562,0
122057,dPoVuXFhBOyJ,agGTwadNWRSx,aQGQwN,dPoVuXFhBOyJagGTwadNWRSx@gmail.com,zaytvgHFd3,408528295,0
849439,icjVIGgPNTYi,DAH,ASxNHT,icjVIGgPNTYiDAH@gmail.com,Hubjv84owb,189711029,0
1289,WCY,pkWwWTQqFVdMtW,FTDeLzqd,WCYpkWwWTQqFVdMtW@gmail.com,sbVMS71U6Y,297417993,0
974561,LDIgssjm,uNYUKkeZC,JjRAkJTQdKrK,LDIgssjmuNYUKkeZC@gmail.com,Vj36t4KLEU,168149573,0
864689,WjXJjfpxaFgYR,RkNRjkFAFKkTcgN,ryBIgKuQiTsW,WjXJjfpxaFgYRRkNRjkFAFKkTcgN@gmail.com,lyIrGIZfol,840909950,0
632244,tcXgs,EoibGbmTVoIgii,dNxJAhD,tcXgsEoibGbmTVoIgii@gmail.com,TmskG7oc26,148599344,0
340521,ZsHSEwPGa,DqmgzMapBr,axU,ZsHSEwPGaDqmgzMapBr@gmail.com,gPXHEvlFGx,702867281,0
13316,ruYtwUmrPS,WtyMlUGjE,XSa,ruYtwUmrPSWtyMlUGjE@gmail.com,AAD0PFtdwp,815898847,0
199716,AyixCt,nHutavxJrq,KDUWnuq,AyixCtnHutavxJrq@gmail.com,3vzntOLKRG,919537053,0
432814,TVOMeyesLv,osm,GRygFWYSIRzbO,TVOMeyesLvosm@gmail.com,hitCAGcG3l,130983646,0
108031,yHJjPQKFeddlMt,FfboR,gQAhGWgM,yHJjPQKFeddlMtFfboR@gmail.com,ypbFa1Kzv2,943445255,0
789138,VvTmYsAazZo,gANAazYSZn,CcIXzprFPaRIsD,VvTmYsAazZogANAazYSZn@gmail.com,BbXbcbP4Bq,619567535,0
641826,GfsxTbtV,lNFCtxWSxx,iQBidvJswDDO,GfsxTbtVlNFCtxWSxx@gmail.com,8oLwRr9U38,747493139,0
502381,FuZAmeUlKi,nNdAqyP,xmoYExmAByFsV,FuZAmeUlKinNdAqyP@gmail.com,UdaVZIzynk,523098892,0
152184,FXVrQQNzI,chznjUwdy,KdhDdhcXP,FXVrQQNzIchznjUwdy@gmail.com,rAl1Qyj3oB,234650508,0
923164,qLo,fKqejcZYzYg,YmqbV,qLofKqejcZYzYg@gmail.com,G0Bt0Gs4WN,664596438,0
693501,pJxyihax,yJyA,mFRGBQbJIdBWqT,pJxyihaxyJyA@gmail.com,Qe4zmN0hSR,192634649,0
155436,CvJqhTEYJTCtzQV,Agyndy,CubeEgkTAMjiJAJ,CvJqhTEYJTCtzQVAgyndy@gmail.com,PvgiOMhY5I,259094764,0
675817,jAIsByDuw,ryIXWkwZfavVTzb,RDu,jAIsByDuwryIXWkwZfavVTzb@gmail.com,NxacsuHUyX,257050243,0
579963,CngBjNzRiKm,JioxbhAKKwyj,VRhvX,CngBjNzRiKmJioxbhAKKwyj@gmail.com,hy9uihQgtX,783934441,0
63023,OlsjEtj,vvcEEzPmEnL,ShWddGijzSFtoge,OlsjEtjvvcEEzPmEnL@gmail.com,WqoHa1oUYT,775055836,0
261062,BqhRfNYTEelGGoj,grJQihPB,MBI,BqhRfNYTEelGGojgrJQihPB@gmail.com,ayeMcHDcm0,208736176,0
161095,AkKjTGky,tNVWudF,KHMQXJkSGc,AkKjTGkytNVWudF@gmail.com,6ubwgWFc9c,309009763,0
89229,CfvDjW,PJoBKxEsxzqrtt,dmSUlFlHITluQm,CfvDjWPJoBKxEsxzqrtt@gmail.com,W3EDhglewb,886789699,0
364529,ThcKuLI,Fpcwqw,QSngYVdDeF,ThcKuLIFpcwqw@gmail.com,TtqYH6mJBx,242028298,0
166341,VdxLDmt,DRHefc,nHVhD,VdxLDmtDRHefc@gmail.com,ZS0axXmgQo,433174867,0
311464,fqWFvU,yznPn,KLgbrRbtthRY,fqWFvUyznPn@gmail.com,CpLlGXOg0m,805923314,0
903762,Zixe,qZmEsK,BTkovSkHvLZ,ZixeqZmEsK@gmail.com,YO9LWmRq8J,622520462,0
755010,AfsPO,TnKscXB,cLtKULZJ,AfsPOTnKscXB@gmail.com,rZbIExN5sJ,703170797,0
737137,kAtYmbY,NgOBHV,ISHgoeK,kAtYmbYNgOBHV@gmail.com,ndM3sHseyF,873812334,0
296379,bLAizSACOVwDH,iYrgHb,nTNNwOVUz,bLAizSACOVwDHiYrgHb@gmail.com,P3uoDl5j4E,632468977,0
806799,RopfcPtCtVHCUui,ncBkUQIkpwr,pZRGeohetN,RopfcPtCtVHCUuincBkUQIkpwr@gmail.com,oe0qrlBICC,414971248,0
571774,rhXfXufddhl,YQz,DlFMHOAuSf,rhXfXufddhlYQz@gmail.com,6QFi5FTnD6,131816688,0
596699,BTQDQt,GRKbmajlvB,XOj,BTQDQtGRKbmajlvB@gmail.com,wopK9MJ3Xn,359635512,0
99642,eLXhyYUrzwrfhPW,ARwoXsRUFKpDrDQ,nnJoTeWpnqIHYxJ,eLXhyYUrzwrfhPWARwoXsRUFKpDrDQ@gmail.com,6ZOaypiR7J,623915887,0
253413,PdX,ITcShnsCm,mQL,PdXITcShnsCm@gmail.com,yrsDeuucrg,860651240,0
99002,PRiLlzSgOfeMR,YdDJEeSExbGMM,PUvueMtkU,PRiLlzSgOfeMRYdDJEeSExbGMM@gmail.com,hXqzP8uHci,743057024,0
683449,mZlBjnFIVLn,bgRbhiRJxUzmBW,WwQSZZdHev,mZlBjnFIVLnbgRbhiRJxUzmBW@gmail.com,RLFF5yX9Do,477526059,0
920354,UhzPBhCem,tvvnpzcHHvqkhJ,PecTsnyGfm,UhzPBhCemtvvnpzcHHvqkhJ@gmail.com,ol3FMAhKIM,104548912,0
768941,Bda,emcGO,nYzDKnbLLuExv,BdaemcGO@gmail.com,Mi60AmHv9q,273467173,0
846067,yoK,MPtzaX,ToqjUyrzs,yoKMPtzaX@gmail.com,mSOBgjz0SB,286873270,0
962279,OXcZAbMuCnVl,BSEsOPzwhMmu,AqNSBHszRqmS,OXcZAbMuCnVlBSEsOPzwhMmu@gmail.com,aq7vpHrUTg,902244029,0
654931,xmPkTpjgOV,KBEmFuDYU,MLDPkgTRYANsK,xmPkTpjgOVKBEmFuDYU@gmail.com,VEmP5OeKCd,510077130,0
409653,bEuqaPlTmDe,crwMOBzbNEGMQjB,jZC,bEuqaPlTmDecrwMOBzbNEGMQjB@gmail.com,iwiVlHJ29M,856476316,0
536592,SzBwMt,kLbaBc,zmVjpxIKpHQ,SzBwMtkLbaBc@gmail.com,V6omW3ZZrl,905329552,0
810700,OJCbQiYhMSDYYM,psHDRMSJZJ,yxFjsVNe,OJCbQiYhMSDYYMpsHDRMSJZJ@gmail.com,hVSUWdIffc,429355865,0
135872,ZprQftF,BRXeHlN,GgkiBc,ZprQftFBRXeHlN@gmail.com,oUFIfO4NNE,305875710,0
635467,zMNg,TScR,KArrObPokIy,zMNgTScR@gmail.com,a6SYQ20YTM,818112089,0
599935,IzXK,vDsCOFP,MkrIGyNqqgc,IzXKvDsCOFP@gmail.com,b1niT9Dstp,842876997,0
349278,mCtUcqFuPcHFNf,kCLQs,EjkGWYBi,mCtUcqFuPcHFNfkCLQs@gmail.com,9K3jfEJmA3,289345896,0
769455,PrdtYR,hJaWtPlaVh,EYBhJh,PrdtYRhJaWtPlaVh@gmail.com,EDOQY4dx9n,722171627,0
199922,vICkIQcEjs,BNuoyffGkxaQ,lkbarahZgTX,vICkIQcEjsBNuoyffGkxaQ@gmail.com,1VMExe1S9O,788873199,0
375984,WbffLRRBwegx,GPjnTslPYsgb,nSF,WbffLRRBwegxGPjnTslPYsgb@gmail.com,bxbZywy9RY,714734720,0
485852,FeeHjLEDilBZRDm,Qaal,TpxcjQUeCfN,FeeHjLEDilBZRDmQaal@gmail.com,yNzVsqAIVQ,710405467,0
264699,XOLRTojiw,FibHSqAfx,GDQJXV,XOLRTojiwFibHSqAfx@gmail.com,K00XcibaJt,915265690,0
109004,qsjxjGeZNZ,MzIeHuRW,drOkNgruLRQ,qsjxjGeZNZMzIeHuRW@gmail.com,8VFzWh6yLN,973623370,0
287037,kYWZ,qZCor,dUMZHKlv,kYWZqZCor@gmail.com,PSHJn4Hnun,166323883,0
316204,grm,PSJbprirDl,AGazdI,grmPSJbprirDl@gmail.com,tPAvV5g3Q4,667859990,0
387685,MrYoqEn,ygW,kgmInwYXZSj,MrYoqEnygW@gmail.com,r3p9CcJNAD,661742687,0
617518,TXTFrwiN,kjkD,lIktuQEfxVns,TXTFrwiNkjkD@gmail.com,MCnGiXEWGE,846300417,0
654579,EKQu,LcTpJkF,SgaevcF,EKQuLcTpJkF@gmail.com,Z5x6jlf0Wv,625019483,0
723358,NeykwpwlsRqHR,XbWhPXdRYgJhWMR,IIBqLRsaIkxFXN,NeykwpwlsRqHRXbWhPXdRYgJhWMR@gmail.com,GrZSYHBMSA,435437552,0
999799,RITSASdCI,qviBSWjsfZBUVNe,yYZ,RITSASdCIqviBSWjsfZBUVNe@gmail.com,DJ0Jdvz5At,801277154,0
769412,YwEpyKgNtDCBa,BmXQZ,gFjUJM,YwEpyKgNtDCBaBmXQZ@gmail.com,wslkGOJvXt,793182502,0
952088,ZiHxBdTtJGWPhO,BJpK,qmRTCyJgUN,ZiHxBdTtJGWPhOBJpK@gmail.com,fIThF0kF16,731956953,0
766151,xcWFmk,SMYlYve,BlTbbXEC,xcWFmkSMYlYve@gmail.com,h2p8dose7M,584033260,0
204649,QYEquuQuxPY,nPjKHeUrezMKfP,rGMmqLCHmDMX,QYEquuQuxPYnPjKHeUrezMKfP@gmail.com,z5TGwDy8MD,535636111,0
161075,gFGjsvCLrQ,RPeAt,FGkWsfY,gFGjsvCLrQRPeAt@gmail.com,1bZogRmjrn,491349720,0
612400,nYqea,cQxEhU,niE,nYqeacQxEhU@gmail.com,tbGaskQLJM,221301492,0
110834,WlrBXgcrDbuR,AXeQHsdrpyxxp,HoKNoHMBtxl,WlrBXgcrDbuRAXeQHsdrpyxxp@gmail.com,a2LyHcPJBj,530477120,0
77434,XhkJ,KsuJcMYVD,LsiWiLQIKg,XhkJKsuJcMYVD@gmail.com,XtGm5xmwfV,508382697,0
251613,kZxnQaTpSMMhgn,LCLenhUdnzWv,eNW,kZxnQaTpSMMhgnLCLenhUdnzWv@gmail.com,7fpK9wR5cn,660843448,0
265101,fHIrkCR,QfmuHAnzMZ,uMJcrxsehDpTqC,fHIrkCRQfmuHAnzMZ@gmail.com,NT8gYUY7BU,415558936,0
146422,swibRA,Zjeigaui,pmIsFmplBBXmL,swibRAZjeigaui@gmail.com,wqbmy3jilH,421088371,0
73280,lViyDnIaWmxo,dWQnczJzpKre,yZECiaCwYPHB,lViyDnIaWmxodWQnczJzpKre@gmail.com,5f9p2n6j0s,146108095,0
233570,ngqojuaYQtxQ,KLcJASQOOj,aBqIpZDkpLrDP,ngqojuaYQtxQKLcJASQOOj@gmail.com,LfP0lNxMXX,823645398,0
296684,pgvzksrBVTBBH,ggNVavYJI,MrgQMQG,pgvzksrBVTBBHggNVavYJI@gmail.com,WotjAzqkgb,731700785,0
315818,kyi,CSZZeBcYatCeq,ORAOWPsyu,kyiCSZZeBcYatCeq@gmail.com,Zxl2dovjLf,781317214,0
208738,LMtFmjwc,XwlEauRNGDqVFSp,OKcOclMbNUWZRfA,LMtFmjwcXwlEauRNGDqVFSp@gmail.com,fJs1Juwqad,409501780,0
820134,GKThGfjQp,XcUMakQcsQc,OwnTeUk,GKThGfjQpXcUMakQcsQc@gmail.com,dzypHSSBip,229255411,0
318977,KxelgFDwm,ElSQuQGKZ,AoqPfQrK,KxelgFDwmElSQuQGKZ@gmail.com,EuPHkOvchL,899538747,0
78736,sMkuvoeS,Bfy,ynatO,sMkuvoeSBfy@gmail.com,i70CVUdMlO,793509043,0
939464,BeSFk,ZqeWhXzHswf,sjdlbYyF,BeSFkZqeWhXzHswf@gmail.com,0SlXC2RLki,940074066,0
392504,zjpTUhTDsmjiQ,ZdwkDIhR,TUOkcXmldeFc,zjpTUhTDsmjiQZdwkDIhR@gmail.com,FiJdz3pLPd,990869711,0
13830,irtyZtySCOauLJL,RJnw,RjjMBwhneQJ,irtyZtySCOauLJLRJnw@gmail.com,9uwM7G5ool,455548620,0
418563,EJq,OGIgayDPycxGdr,ICukANUUX,EJqOGIgayDPycxGdr@gmail.com,aW2wCk4OQM,855003693,0
566669,dDYakxmfQGr,ctavHX,gmQbIlqJcgone,dDYakxmfQGrctavHX@gmail.com,qqeDC9OgTa,615808848,0
825497,oVy,tyLqbWsktTIIGGb,EHPs,oVytyLqbWsktTIIGGb@gmail.com,OWwMRRbPMz,444354286,0
962710,gasuvmgfpgqG,HfZuAuBdOpeXMj,CsMO,gasuvmgfpgqGHfZuAuBdOpeXMj@gmail.com,slNGdLaJoB,480984724,0
361536,DHOdbl,NGpZaa,nhZgJQ,DHOdblNGpZaa@gmail.com,fGVfp6TQDY,115980554,0
79300,WwKhr,OBKr,Lki,WwKhrOBKr@gmail.com,0fepkjZJCn,908059561,0
368369,gbdedYEWY,ioxGhNEQNLFhyDz,ziqStb,gbdedYEWYioxGhNEQNLFhyDz@gmail.com,yD7hG2vXml,527962308,0
393728,olNQs,XTeRmUDic,bLvhkcdgvmRE,olNQsXTeRmUDic@gmail.com,qhQ1cQPNvi,660558166,0
198133,tYNRDyJOyhDNed,JpLbvbEbvvovd,ipoEflmtsYD,tYNRDyJOyhDNedJpLbvbEbvvovd@gmail.com,Gxwbamsj8o,449665448,0
900791,lASBOgnUCSTg,UoETGwWngwoUHsq,rsXtRj,lASBOgnUCSTgUoETGwWngwoUHsq@gmail.com,mpkvT4VlAB,839855410,0
724464,QfDBkSTm,XcPGUQlFccZ,PJkYVdbNxO,QfDBkSTmXcPGUQlFccZ@gmail.com,ARDK3EiCvf,478427022,0
149042,lYPNo,Utb,DmXOupersgTJtCA,lYPNoUtb@gmail.com,xRia3mtuBQ,333064750,0
195006,pDTEivOqBouF,IAFVUdCUJuaPyRJ,AhJISC,pDTEivOqBouFIAFVUdCUJuaPyRJ@gmail.com,U6CeyBF9Bo,430723053,0
23372,xSrUvNeOy,tOzHNKiLjeNdsxP,FIGrekkrMmR,xSrUvNeOytOzHNKiLjeNdsxP@gmail.com,knTm4C20lH,746160766,0
677038,OqTaQUmkKgxquv,iekcjgwwpVv,kfLDNkg,OqTaQUmkKgxquviekcjgwwpVv@gmail.com,QC7pbu1P2r,700362816,0
752532,xhvDDrBenMjnYZ,egGdwUQ,ySkudkzFfPo,xhvDDrBenMjnYZegGdwUQ@gmail.com,5nT3TUsuoZ,411883999,0
181099,YadiwvTChdBqL,aFwZhhXjFvU,bovVHoNR,YadiwvTChdBqLaFwZhhXjFvU@gmail.com,vNGpno2Aba,236842298,0
325865,TGtAj,icmPtrNJd,XZsa,TGtAjicmPtrNJd@gmail.com,7cNptHBfU3,859662345,0
514787,dywPCeCjpuIVSns,Kpp,nkNFRQVaSga,dywPCeCjpuIVSnsKpp@gmail.com,O0FbNcCu8N,227896897,0
588629,hdthSa,RVKCqjNW,ljaD,hdthSaRVKCqjNW@gmail.com,SH6gFexvdz,877338895,0
200458,hGpjvmDEDOzv,NKOz,riPuj,hGpjvmDEDOzvNKOz@gmail.com,ZsCIdxM30z,317020275,0
444758,QgjcXuUKQNex,ymltvhJijdls,xOBY,QgjcXuUKQNexymltvhJijdls@gmail.com,eKu3eS2Kw2,726670826,0
558165,dCCRjZf,UylbRqnwglEECAj,dDJ,dCCRjZfUylbRqnwglEECAj@gmail.com,o5xZa2OGQH,734614088,0
440106,KGHCg,LhEtGJwMcsdP,KMFkqklQNGR,KGHCgLhEtGJwMcsdP@gmail.com,K44FjWr07V,929880307,0
946557,bCFnzYjtcLR,dwdsHeNXbU,JDBYpYYCf,bCFnzYjtcLRdwdsHeNXbU@gmail.com,4pnZgwmeFR,985981298,0
957197,egkwWVTB,ZlcgJMIdsCUeYj,INByRDBAZrvKm,egkwWVTBZlcgJMIdsCUeYj@gmail.com,JMGLuPyJ8u,970764239,0
205753,IIDRBhaJZ,klvQJSVFcEVaql,FnRDxVW,IIDRBhaJZklvQJSVFcEVaql@gmail.com,ShiyCBjlM6,201863781,0
221361,BVrAUOcVLzrcjsy,hJUACG,ffatsX,BVrAUOcVLzrcjsyhJUACG@gmail.com,aAKBaGGian,975718663,0
11103,Spznb,VLPPYsOiYFtTQH,eBZNlFYMenL,SpznbVLPPYsOiYFtTQH@gmail.com,PODOf9IW4a,361165452,0
399295,OVMaqEekehZqTth,GbMfHbKsyk,ZOXc,OVMaqEekehZqTthGbMfHbKsyk@gmail.com,1IACwgNIyk,105991229,0
242273,FIDyNppb,dNaSzvPhTuqOXv,crFEwKhilNAZJt,FIDyNppbdNaSzvPhTuqOXv@gmail.com,jOpdn3Xe5Y,936091855,0
501998,IwQz,JzgqSJzSeg,oLMH,IwQzJzgqSJzSeg@gmail.com,RMCWRg0wcg,726211716,0
595211,qUiqzE,twRQBKi,BVUnrptW,qUiqzEtwRQBKi@gmail.com,0dHheiBWvA,184078805,0
52545,jcblKZNwx,jmh,Uzk,jcblKZNwxjmh@gmail.com,X8YoDCoff7,256158647,0
938214,JHdTzoLvViNlhfl,TwAzZ,FKbhfkloMuq,JHdTzoLvViNlhflTwAzZ@gmail.com,djzkX5ZpAG,258859317,0
157694,qCeDsIHRu,yHIgJLIXgA,eDer,qCeDsIHRuyHIgJLIXgA@gmail.com,0HDbxAEKtw,887052206,0
496845,ckuVWtzHRMCjeJb,yQMgTUNzmLiwE,FQQhJ,ckuVWtzHRMCjeJbyQMgTUNzmLiwE@gmail.com,1IiOPrsP1U,938470608,0
411110,MjKZWX,osplqUpy,sfVscyN,MjKZWXosplqUpy@gmail.com,odBu3WsLGf,980008845,0
354218,TtkTiYcXOf,ltIpFReMXaKcu,xRWj,TtkTiYcXOfltIpFReMXaKcu@gmail.com,dG6dCN3NNn,394201137,0
649591,TRwrSEC,GtkAxZxMxBy,OTXZDjhcz,TRwrSECGtkAxZxMxBy@gmail.com,y6G26lZEV7,353336880,0
40812,DxvpkHBmztwchtY,IVDWvOmuPcy,qHPdfGD,DxvpkHBmztwchtYIVDWvOmuPcy@gmail.com,oAyuIOrSlL,754031787,0
295920,QESPnX,HzdmOoalQSBYcZ,weueZkYxuoOCEG,QESPnXHzdmOoalQSBYcZ@gmail.com,qjvWMnmUpQ,541506593,0
787019,ROpuAaSa,QMjYzOYD,WunAvXeehP,ROpuAaSaQMjYzOYD@gmail.com,lDesXwcbAe,240568573,0
865334,Neig,SfOjfvRVzzJ,sCA,NeigSfOjfvRVzzJ@gmail.com,OAMZEzfDdh,128688614,0
249020,joXNcR,hXuNQv,HPGVewzU,joXNcRhXuNQv@gmail.com,hvJg8k0J6g,770325585,0
343925,yKpHAAlrCyxIQ,fLAJbuFyfkLNPN,LFRiKfz,yKpHAAlrCyxIQfLAJbuFyfkLNPN@gmail.com,OZ5sLQCvHj,185180696,0
432779,UUBMlQNaEGSxoiy,LDFQvdeGJDaFAD,cgB,UUBMlQNaEGSxoiyLDFQvdeGJDaFAD@gmail.com,p5VXGi6UK1,854687671,0
467907,IsLnhttfQmlLPD,yODxNO,vannYbqeAJB,IsLnhttfQmlLPDyODxNO@gmail.com,uXkpRmfQ3J,258059816,0
274755,knMEfEckSpT,PYGxunxNRCETRJo,TMnOuC,knMEfEckSpTPYGxunxNRCETRJo@gmail.com,abh4S95dhK,355652805,0
695808,IzNtOuLu,RRksyrI,FBRPsxbILYBxEA,IzNtOuLuRRksyrI@gmail.com,Iwwkzn2wwn,278931015,0
605082,bqPruCNygcaoTO,VoFpoCFD,MVXpwxhXj,bqPruCNygcaoTOVoFpoCFD@gmail.com,JmXoEh9y3M,898315842,0
598149,JlgHGCcyxdHOcF,kYKOWt,JbkeHvhkYwG,JlgHGCcyxdHOcFkYKOWt@gmail.com,TFf6KCMNjG,957014008,0
915812,rwCAN,UGhTUHJs,wKb,rwCANUGhTUHJs@gmail.com,rB1ptNZq0K,602353982,0
840285,fkApxU,omfcc,YFfrrgcN,fkApxUomfcc@gmail.com,Y83c5f62BE,655808580,0
352925,VLUux,dBysuDDmeZ,QkzPLMmKP,VLUuxdBysuDDmeZ@gmail.com,LpAmZcGfCN,664662177,0
983238,HbxGWrEl,pQbHOV,OnXVQIAoPKGhHgk,HbxGWrElpQbHOV@gmail.com,tOMHZdZo6g,471529962,0
136104,XNIinuFrn,nqriMxUbSCWwax,yLhLDTjMx,XNIinuFrnnqriMxUbSCWwax@gmail.com,au3J741roq,231613194,0
2903,XILIahGs,HIGxxqUY,GzWpBKzO,XILIahGsHIGxxqUY@gmail.com,NQgtGN7U70,675110772,0
989319,HcfcDOooxSMSKMV,vIPABbnjTJJvO,KEplNJBfDAz,HcfcDOooxSMSKMVvIPABbnjTJJvO@gmail.com,OFxF0URrDI,791678114,0
728065,CVjCZlpUzihj,LZVYhU,cpDVjXVwysiBE,CVjCZlpUzihjLZVYhU@gmail.com,wFeahEKWmm,171879919,0
258645,ojPFdbled,fZNYslAIng,hEC,ojPFdbledfZNYslAIng@gmail.com,1zVnDnKr7K,878065407,0
103957,LLbqdfti,FvlZFjcVeEPG,HgWkvBFiv,LLbqdftiFvlZFjcVeEPG@gmail.com,EFC0RpMKxy,724882104,0
914887,AQJS,zyEe,XdZjuJqyp,AQJSzyEe@gmail.com,ny6eCv3CfG,770372043,0
867641,FzxKzOjOC,zLQVlDJUecZ,xSS,FzxKzOjOCzLQVlDJUecZ@gmail.com,iz6uGLogVX,495608369,0
443130,rhQTmPlZdfAGjV,qopIQQzdB,GoVyZOa,rhQTmPlZdfAGjVqopIQQzdB@gmail.com,W376sLjZ32,436683734,0
847998,IECOM,XDdRmnuB,EZFCLHh,IECOMXDdRmnuB@gmail.com,Gtz2tHANtG,870944174,0
868019,OZjvynvyEKW,uPbWij,pzBae,OZjvynvyEKWuPbWij@gmail.com,SKcMDwEslL,133613899,0
105041,GUvXMhtGLlmJzG,MDojfcz,VihyXh,GUvXMhtGLlmJzGMDojfcz@gmail.com,0NnBtgVGGc,882958054,0
867058,cfZdeK,smzquyL,vJdxVWkDO,cfZdeKsmzquyL@gmail.com,hKn9IvAkgV,747694310,0
814219,lNcmklaZhYaHCBw,ZKIwjA,skGaoHDderksA,lNcmklaZhYaHCBwZKIwjA@gmail.com,bpHecYp69m,502773242,0
392624,tgLG,LnSeQldDKR,kvhhDl,tgLGLnSeQldDKR@gmail.com,QxRU4PHZMk,488218339,0
980397,suaGyGPkKr,hdqhIQpKfAoQcK,FJN,suaGyGPkKrhdqhIQpKfAoQcK@gmail.com,O9w8PwnMpz,417444215,0
50739,iuIOaZOKzyeFH,ZJrblrvWaMrqjHZ,tHYmg,iuIOaZOKzyeFHZJrblrvWaMrqjHZ@gmail.com,TWKDx8TpXL,230028853,0
87945,KNPpNW,LYnOo,XBobPvDOgsBzzVZ,KNPpNWLYnOo@gmail.com,MVCmudH2z1,131409025,0
460394,PjhCMqhtnlNSKl,rnbNhm,UDTSoORUYigN,PjhCMqhtnlNSKlrnbNhm@gmail.com,OQQMMJ7CGm,294840450,0
333403,uRaNcIeFSfvVyXJ,HZqAoJfgXRbZaGI,rLuQYDoiOUWYo,uRaNcIeFSfvVyXJHZqAoJfgXRbZaGI@gmail.com,Qr0Zkfkcoj,721559242,0
167765,AfUFqzuh,wCeUiNoKVNNkUGh,szRMJMHLuE,AfUFqzuhwCeUiNoKVNNkUGh@gmail.com,I5vkwhvRcJ,359433969,0
332353,ZIDZbaYewQOQ,NxAVUDkeYICXKx,rZyo,ZIDZbaYewQOQNxAVUDkeYICXKx@gmail.com,Fodqxpbtct,913994238,0
557670,TdJQzyOmPlYQ,ShObfii,ixsK,TdJQzyOmPlYQShObfii@gmail.com,CpxlcSPQFT,786683265,0
160877,OjuDrGNZcEdoD,QHAoNIPNMYhxfW,sUTN,OjuDrGNZcEdoDQHAoNIPNMYhxfW@gmail.com,Xj2CFabkcR,103609786,0
507168,UTOD,WxlZFyFXHw,CfinPgPfxPh,UTODWxlZFyFXHw@gmail.com,7otT21fkiz,155291468,0
397566,tWQjEVwu,ytypTMvva,LYRbj,tWQjEVwuytypTMvva@gmail.com,5NkYuqljL8,780320619,0
949338,srkxHuMvYLfFUuq,rQYNYjQupcN,aZOu,srkxHuMvYLfFUuqrQYNYjQupcN@gmail.com,13A6O6piHp,885559937,0
730686,SYkoJhpLVs,TzFVquSJkmOqm,OFDeIL,SYkoJhpLVsTzFVquSJkmOqm@gmail.com,DStSRfGo1t,328111550,0
640247,gtCmB,TNQiLGtl,yaiK,gtCmBTNQiLGtl@gmail.com,yaCWMEiGNh,980673787,0
989949,vIr,NeRWWkLvFPi,weKuxXLrI,vIrNeRWWkLvFPi@gmail.com,GaHBTf1Drp,880995268,0
640575,mDfzzu,jiNsoC,WFXbnFTQxF,mDfzzujiNsoC@gmail.com,92UCCuXquY,748790916,0
977258,SCJfRk,sBPbFS,BXYqaEDKnof,SCJfRksBPbFS@gmail.com,7998DZ05mE,961918338,0
663897,YaRJGfZGLUGo,YSRTd,WlmVykMvnLvUF,YaRJGfZGLUGoYSRTd@gmail.com,G3scog0lQB,245870222,0
784047,yGEeFDz,DRehVPWv,wRt,yGEeFDzDRehVPWv@gmail.com,njCgYaUaTM,981285415,0
159708,RxXVjmL,lHdcRweXtDCrj,QpNxOFRyEka,RxXVjmLlHdcRweXtDCrj@gmail.com,Mc7rN69R1J,889612816,0
190072,BeZR,KzPRwAXcBGXkl,bhUTXOtMUNbPu,BeZRKzPRwAXcBGXkl@gmail.com,Wvn2t6sEcR,920064966,0
752144,LweIJcHKpqNK,OGqR,QGvh,LweIJcHKpqNKOGqR@gmail.com,pnR2DPZJId,901431589,0
310801,opjcxuHmosR,RjSFUp,nbqKBkPyb,opjcxuHmosRRjSFUp@gmail.com,W2AhheTpZD,643408586,0
977733,vgusRZAjZwIAMPp,gBOhmoAv,ISBJm,vgusRZAjZwIAMPpgBOhmoAv@gmail.com,MzvD3ACjAY,339449427,0
597630,YkwiwYqIPZ,OakQyOIGjalK,AvguI,YkwiwYqIPZOakQyOIGjalK@gmail.com,UNG2b5cJBV,816471165,0
369811,UBnsdaXQiZBXS,XpjoIaXvWtV,lSSHcovfLtDtUzQ,UBnsdaXQiZBXSXpjoIaXvWtV@gmail.com,4ExMSEdS6P,512655337,0
710381,qFkYkLIEj,hpvjEhqHyA,XOfb,qFkYkLIEjhpvjEhqHyA@gmail.com,wC7u6aGX8W,379159646,0
750074,XTJXCvjQAbVtr,GZOWSaxWI,pxJErr,XTJXCvjQAbVtrGZOWSaxWI@gmail.com,LDZxG7lo1r,293861866,0
667818,FiHkcMexQIRtV,junwpFQZRzdLGI,QZx,FiHkcMexQIRtVjunwpFQZRzdLGI@gmail.com,814GMPMFdS,416210005,0
235267,CBLzc,vDgeEyGkEwGAOlv,iybevtL,CBLzcvDgeEyGkEwGAOlv@gmail.com,D5UFa4H9JP,349629122,0
852215,psedoGouKIneLgx,YFz,Gufdrx,psedoGouKIneLgxYFz@gmail.com,qOIB97xKEz,673593339,0
379292,GIvt,eefAjZyM,HMzqjDCVrLVfYKh,GIvteefAjZyM@gmail.com,vfSf1afMFG,436203715,0
654590,VbeBWEbEUvXu,sFAKVg,NiXx,VbeBWEbEUvXusFAKVg@gmail.com,VYKbxjaQM1,361091805,0
781436,wdMTqdSZcVWNez,EdJJC,RuzDcUZ,wdMTqdSZcVWNezEdJJC@gmail.com,hBRmcThnc6,293704749,0
110782,FINbvOvUWTHNh,CymS,OFDFI,FINbvOvUWTHNhCymS@gmail.com,t4dpB08QDC,845357950,0
647305,hWaCMUYUX,lQkAk,JNdiBRnwo,hWaCMUYUXlQkAk@gmail.com,MykvpM9hZO,869751380,0
449954,MeNyNIft,IlnTgUqkf,pjycSfa,MeNyNIftIlnTgUqkf@gmail.com,uFKbWWDEX5,136286378,0
388773,etgXfkjvurnhH,UmstBKmgsUa,iSGWLkbnwYzi,etgXfkjvurnhHUmstBKmgsUa@gmail.com,8JTgjJfWKp,184317460,0
915585,YzmGflofSTKh,nfrYcNDXcAQZD,mhHHJ,YzmGflofSTKhnfrYcNDXcAQZD@gmail.com,0dgrOxAZzt,574304332,0
608283,rCwbbuGrKvUZPo,IWWywtkAlQ,BBabAHvTzY,rCwbbuGrKvUZPoIWWywtkAlQ@gmail.com,tcCXN4v8xS,375115510,0
662163,XGgQKBsFSrqj,gFF,MfZRZT,XGgQKBsFSrqjgFF@gmail.com,BzQhzJw42c,772293686,0
885724,EOzoIBUyQU,tzEBZ,pzFxHZNS,EOzoIBUyQUtzEBZ@gmail.com,ChOvQ8YPxw,321075529,0
326650,CvmngbjVTihKo,CNXkyKu,eBNCeedSoh,CvmngbjVTihKoCNXkyKu@gmail.com,VJyuN9ggkN,449127415,0
140809,EctIvGEOlKjVu,QoVoeHfTxiamVs,RYNIOs,EctIvGEOlKjVuQoVoeHfTxiamVs@gmail.com,l6estFe4wN,936070429,0
754546,IepPmdqcmBC,LMeiBzHcHoxkL,bePgPgAwbK,IepPmdqcmBCLMeiBzHcHoxkL@gmail.com,j96Zzf4IE9,428452399,0
715976,LGTvtDbol,CJnLYeWtarLvKE,KrCuLv,LGTvtDbolCJnLYeWtarLvKE@gmail.com,V8q62RMk1W,777938134,0
374729,rzSDYnMPkv,vQElYdv,kXBpz,rzSDYnMPkvvQElYdv@gmail.com,VGWUxu4N3i,843912423,0
191292,LakqmEPIkP,ZcsKaFbHJSEFg,GAeSy,LakqmEPIkPZcsKaFbHJSEFg@gmail.com,m6lcgHNmvN,427622673,0
8354,PHllbitjHOH,GuUafyofCUDl,DdYiZqJy,PHllbitjHOHGuUafyofCUDl@gmail.com,NRf1rDMmqB,507934584,0
754217,nBzuuJjnEZpYK,qDUgxyaWqfhVg,kDmiIAfjjxAqeMl,nBzuuJjnEZpYKqDUgxyaWqfhVg@gmail.com,9Bx48Xdk4v,175721574,0
723593,hfjHKorddCWj,DNpXRmUepWX,Fqzjs,hfjHKorddCWjDNpXRmUepWX@gmail.com,yJ9uTcTvaA,998102111,0
363555,Kidv,XNxbS,KiaEWuLf,KidvXNxbS@gmail.com,znbfn8vfZx,348888360,0
427922,tEuvmOYqD,UnkeauA,UHPD,tEuvmOYqDUnkeauA@gmail.com,xgyeFwKpUg,851222335,0
361796,CapaKs,BwEltTiJtzGdV,olngvZhzR,CapaKsBwEltTiJtzGdV@gmail.com,MKkRyB5aNJ,510811528,0
313222,OdNVjoTdsBlO,VkQoMJPGRed,TAcaY,OdNVjoTdsBlOVkQoMJPGRed@gmail.com,XvbTH3S27T,810960178,0
837159,SPLwGGvmZIpXn,QsyzrMjLSQiV,UDsvEip,SPLwGGvmZIpXnQsyzrMjLSQiV@gmail.com,vb5e3D8VRa,908671462,0
454385,ZrdubOUBWKTJNu,vPwWSLpGZNACZ,klRuQeakbrgn,ZrdubOUBWKTJNuvPwWSLpGZNACZ@gmail.com,If5EX5QWXx,925344550,0
17838,fUO,aTTqjlnJh,zjRjjLFkyJ,fUOaTTqjlnJh@gmail.com,x8vHkzfojU,589933032,0
477684,SgfdznK,GGDy,FbGoXD,SgfdznKGGDy@gmail.com,qZAhVmU00M,778277708,0
496126,YleXTQCBtlMw,oEzXLON,ealIVBk,YleXTQCBtlMwoEzXLON@gmail.com,Z2oPzGPRCU,749407472,0
45102,nkZqfd,BvawGFsp,eYVSNo,nkZqfdBvawGFsp@gmail.com,uXHoO8TUzD,392058133,0
483681,yLOPP,slyuBVOEPplnJPG,uCQmMYC,yLOPPslyuBVOEPplnJPG@gmail.com,T1b7o7KTDJ,592347781,0
518620,PULukihdSrTOu,yePblQopBVDK,iRt,PULukihdSrTOuyePblQopBVDK@gmail.com,tQ2sAALqsS,607332157,0
301777,pgiCExHO,SZGmavGfWyOi,zYsRIhw,pgiCExHOSZGmavGfWyOi@gmail.com,dTnRXEd96Y,875603478,0
815341,HHgnAWmhMjJ,xAiflL,OoCNiGN,HHgnAWmhMjJxAiflL@gmail.com,p9zT1Qpi5Q,727651896,0
648017,fRGIc,hjKa,UNRpaRY,fRGIchjKa@gmail.com,Y4YVg0Gv0p,648740188,0
893549,Uxj,nKuTTXBHa,PnSdwvuiiTDrlSj,UxjnKuTTXBHa@gmail.com,yJ2L99y3nH,200597239,0
582189,LKCEka,kTfdAYGIH,wQVfPV,LKCEkakTfdAYGIH@gmail.com,GBxIPPeOSz,873751980,0
508066,PvhvsYlyxe,rqSDPPpJ,FTIwaLaafsCCI,PvhvsYlyxerqSDPPpJ@gmail.com,EtPxzYDykr,375442400,0
713547,JDkiMcFMQygzP,QDeBPHh,CKYCAjwjRvGvs,JDkiMcFMQygzPQDeBPHh@gmail.com,D7cwxouZfd,304063968,0
21055,RTjoxCtVzko,lONYADAncceOOxI,tAAIzX,RTjoxCtVzkolONYADAncceOOxI@gmail.com,8Q6ARVOo82,410193024,0
213737,NxHXfWuzsFYP,wvBq,TjmdFnIoMV,NxHXfWuzsFYPwvBq@gmail.com,C6WjUdk1ls,546241432,0
54791,jbVBLZrqGcHo,KqSylaTn,FChs,jbVBLZrqGcHoKqSylaTn@gmail.com,GTiSLBMEpO,632999079,0
236427,ONb,eMVoBMbydlrp,imHDSd,ONbeMVoBMbydlrp@gmail.com,fiOgVHkYfj,187006006,0
771100,EKTay,YJsnCctuscyZJJ,yNYqae,EKTayYJsnCctuscyZJJ@gmail.com,iMQoa72BNH,700466460,0
196485,WeARpPCacJnw,JlN,eqLIrlvTWbnDZuZ,WeARpPCacJnwJlN@gmail.com,AlL48Jc7Yf,992297912,0
187535,TattromMtzV,VReZDlC,WAJqdoYYOf,TattromMtzVVReZDlC@gmail.com,nGttIpTH2G,611419065,0
656335,LdHyUaAPcsWgaCm,ULxVhNWJczsuBJQ,TcSWcAPfEieG,LdHyUaAPcsWgaCmULxVhNWJczsuBJQ@gmail.com,kAgXODOCUL,253018808,0
648906,iKlThpDr,ufYxeoXKfLfgR,RXREb,iKlThpDrufYxeoXKfLfgR@gmail.com,SG7SfkgWVi,716836197,0
983234,ayTMWtoDtCvWX,gNAiWq,zdFgdqWAZlWn,ayTMWtoDtCvWXgNAiWq@gmail.com,p08uLIIWGz,644552572,0
322609,nHotzTq,TRmcxMWrCGFhGF,PaMzjaeVuNk,nHotzTqTRmcxMWrCGFhGF@gmail.com,jnm3703zk2,846057990,0
488311,tTWj,HutC,NxzmIjyyrzhRfas,tTWjHutC@gmail.com,zjwsdOr1tA,516387016,0
999136,hpbQFTDQ,WFB,xgYtSpkS,hpbQFTDQWFB@gmail.com,N7ERxQoNa4,585218096,0
564954,REvpMVcV,wIjs,QMMwqngthsDP,REvpMVcVwIjs@gmail.com,gvb3X7rVqm,714491566,0
978489,QXvBCXYm,CdUFP,JBTIdknd,QXvBCXYmCdUFP@gmail.com,w54KwIithl,490955397,0
881573,BRcSVYvxlRJxJER,xxhM,cNzNIKLdZx,BRcSVYvxlRJxJERxxhM@gmail.com,D00odTfN45,412939856,0
227140,xsPUwYvjGPxBQ,BAlugfFO,Pdq,xsPUwYvjGPxBQBAlugfFO@gmail.com,5DB6Wvh13h,547049573,0
36735,edhwGHyxpwr,Klbo,oyRZlVDZHkANtpD,edhwGHyxpwrKlbo@gmail.com,PizTR9i62H,312634826,0
982286,bWufLXwrWMJogq,thpQyAJJpirAft,BJQrjs,bWufLXwrWMJogqthpQyAJJpirAft@gmail.com,CjV6dQtfzD,784615606,0
318270,zVEtXDD,WxeJurOY,oSnPLCPBe,zVEtXDDWxeJurOY@gmail.com,DCHgJPSsgC,804029335,0
273834,AScBCsSvSuIDGc,pkeUsajyLhOBM,yeoopQL,AScBCsSvSuIDGcpkeUsajyLhOBM@gmail.com,wvuwU73Dc7,339213801,0
173775,BgirTi,qJVYAu,JKXgbLbO,BgirTiqJVYAu@gmail.com,lE2msv6V7I,486216925,0
932184,AfPybPfvBrsz,rAcsaBqh,yPGVzisVErPzD,AfPybPfvBrszrAcsaBqh@gmail.com,dNQj9MZBUr,780378198,0
91475,slpGwozp,DVDJGuNJfXU,fxCLPhENV,slpGwozpDVDJGuNJfXU@gmail.com,uZsV8UItWi,706548234,0
355011,JOGi,LAkw,ACOgSjOcXzcmFa,JOGiLAkw@gmail.com,HjA4HGGMav,649519348,0
506026,rwOxkTnaR,nKLbIvEjpVwe,IinodHyC,rwOxkTnaRnKLbIvEjpVwe@gmail.com,pQ3MW0x6ny,355119715,0
738984,CAa,uYMFBYtWq,rhe,CAauYMFBYtWq@gmail.com,auB5WkwkFM,667528296,0
389082,JhlQdhuVc,XTVHlPTtzjMZIR,anmDtadHROuwKX,JhlQdhuVcXTVHlPTtzjMZIR@gmail.com,fhHzlmt322,866371403,0
584953,LAs,aNVtZ,EPzawuRLsoyc,LAsaNVtZ@gmail.com,6yxOolnNC2,652651569,0
961487,AebUiuQgEgqQ,ogL,wPoJOnqr,AebUiuQgEgqQogL@gmail.com,DUL3ycibBp,710006719,0
454450,VmlkPkzo,hKJXKgGUbIL,zQwVz,VmlkPkzohKJXKgGUbIL@gmail.com,BpwFtaFzuM,813746549,0
485224,OnYHvq,JJenfDWe,sIJ,OnYHvqJJenfDWe@gmail.com,XJBaqUPsSk,318270474,0
803486,uOXfRZzVpSURNh,Fdesy,VWt,uOXfRZzVpSURNhFdesy@gmail.com,IZppDEu9q6,824125577,0
784004,xFMfZpaC,uCCHrIGGp,lUJdHfsapO,xFMfZpaCuCCHrIGGp@gmail.com,U98RzP35Id,221643276,0
854551,FbhnaHLgU,HJUtvyot,DcsxFoMQ,FbhnaHLgUHJUtvyot@gmail.com,1o42RiMvDw,531341168,0
281476,rUksRHXIwPsVe,bNQqyi,vhKLa,rUksRHXIwPsVebNQqyi@gmail.com,0azDuTZZGK,767909579,0
102292,BLMK,MbtNYrUKxaNfh,BgmHZLq,BLMKMbtNYrUKxaNfh@gmail.com,4Zb9GcdKnq,392671204,0
678129,XlVvRv,teUergBE,TBnTbpo,XlVvRvteUergBE@gmail.com,m3uwYjZNel,108163137,0
489934,DyGfdMFOVawjv,jrYfH,XIcVFoLslylm,DyGfdMFOVawjvjrYfH@gmail.com,8FePvo3ILm,893847695,0
52413,CzO,yDjgSMIAVWfXrH,TEyyYLinrsAKSjU,CzOyDjgSMIAVWfXrH@gmail.com,8hPL6mfqwn,135418248,0
529042,PSRvWBnyHkKzj,rHN,bbzpnijSCieAl,PSRvWBnyHkKzjrHN@gmail.com,yVCkTK49ji,424031689,0
46303,ldNfIDriMc,wWgbkvMoKGazeV,evdFlF,ldNfIDriMcwWgbkvMoKGazeV@gmail.com,dGUW1epi5Y,242373436,0
158873,GhdHl,fDUoacD,yuobdYfzFgc,GhdHlfDUoacD@gmail.com,La70rlR8un,770615424,0
547038,FmRGsFnogZqd,MWNAwHBoyVJUnzF,FVosqqtuo,FmRGsFnogZqdMWNAwHBoyVJUnzF@gmail.com,18xZFS2pMT,258440528,0
390212,SgaKJXR,QsAVuLFswrKLF,RyuFNzHPUYl,SgaKJXRQsAVuLFswrKLF@gmail.com,0IatNQwi6z,576483365,0
406607,BGhrBesbwFgErT,cFdCwZNw,haTCJmfzlEx,BGhrBesbwFgErTcFdCwZNw@gmail.com,0iSy5WmcH5,499712437,0
104491,nVuITjUeeVNWYK,EhRJMpFr,lErY,nVuITjUeeVNWYKEhRJMpFr@gmail.com,MTc1BbB5JU,692299443,0
903757,tprJAawLmvXGp,anPXJspEFL,ZzqtsKotOdF,tprJAawLmvXGpanPXJspEFL@gmail.com,nlJqH6sJds,173392392,0
157331,BsOWYUGAv,ELcEiNmApKsN,dbUFuzAPqUzR,BsOWYUGAvELcEiNmApKsN@gmail.com,8yrR9masXW,541582283,0
685286,dZFgnxjZfkGA,PoavRHWe,tUd,dZFgnxjZfkGAPoavRHWe@gmail.com,4oT1D74qlY,122817347,0
182884,bFBdUQbedOY,FVmcxfIDBIQre,VvjHNzOvDOh,bFBdUQbedOYFVmcxfIDBIQre@gmail.com,5Rv95CON3L,454961942,0
367264,jEeeTghdhsq,NAzBEuUyZdwqJXP,PTrR,jEeeTghdhsqNAzBEuUyZdwqJXP@gmail.com,0WHncnOdQg,770857849,0
291593,DIIrfPFkrVU,EfYcSMYfPyHenZD,ZokfDBor,DIIrfPFkrVUEfYcSMYfPyHenZD@gmail.com,DPICnM0bnU,917685335,0
167268,OeBqIgPbJDwuJDM,cVFSTV,MwcyivnJDRLH,OeBqIgPbJDwuJDMcVFSTV@gmail.com,W7rN7xgYf2,370003653,0
628860,rCNK,xqXTVGvPYEKP,UwzTSWFiAV,rCNKxqXTVGvPYEKP@gmail.com,sYKLFWDJux,759167133,0
404889,VXcrfm,OFkqSbzP,XvqVQnUtTjjUSu,VXcrfmOFkqSbzP@gmail.com,RZGJBmZNSC,879148527,0
95288,rQBoKSwnXQ,tgv,rGiDHzJE,rQBoKSwnXQtgv@gmail.com,9kn7xrDQcT,915552213,0
928095,HWdhVJ,wvrmtfRtLXD,qdKxeMQTAHkHur,HWdhVJwvrmtfRtLXD@gmail.com,ajjNMglwu0,389474393,0
637243,sNivHtIkymr,irBCVU,mJHLlovlAssjV,sNivHtIkymrirBCVU@gmail.com,Zghj1xig51,762858207,0
917122,aBGwqqz,QGfGavn,vlGeOvuhVZNQhz,aBGwqqzQGfGavn@gmail.com,SEcUWXhSNW,846717436,0
198285,ucATZkTCX,MzFOjJXsQJeLye,omvLptcPJLmkrl,ucATZkTCXMzFOjJXsQJeLye@gmail.com,QpjN6cc4Ji,862235031,0
346428,trlzNdkV,AgdHLV,vFNkd,trlzNdkVAgdHLV@gmail.com,71GFxCiV2M,657217806,0
772475,inPUyinzN,EUBVsFsnRgDlAal,hWf,inPUyinzNEUBVsFsnRgDlAal@gmail.com,PU6amNb5V7,286567479,0
476109,cGVD,pekTuOM,zhR,cGVDpekTuOM@gmail.com,0iZFcncb2t,566030886,0
711463,eOIeUygx,XqHHTCqSI,tBxdLIgLVvRszTr,eOIeUygxXqHHTCqSI@gmail.com,4wdoMWBVCo,301077384,0
153707,HSYhHtsYh,NzE,zBf,HSYhHtsYhNzE@gmail.com,6WGMx1AcT8,309351782,0
795784,zQrc,LkFafpj,sJhX,zQrcLkFafpj@gmail.com,1W4pcbNgXy,513795825,0
811665,owlTzwlqPs,HHOoCPHpxD,NBaGCx,owlTzwlqPsHHOoCPHpxD@gmail.com,vXKXQorQNQ,475672144,0
923603,huxt,QwbiNXPiUnR,oyemhEMqmIVOYUi,huxtQwbiNXPiUnR@gmail.com,NTvBwCdD6w,205946773,0
933710,FQOz,CEEosiU,pcrTCHsB,FQOzCEEosiU@gmail.com,m337NkkWY7,990338923,0
167423,soFHJ,MqZBAFJQjff,pPO,soFHJMqZBAFJQjff@gmail.com,D0BPaaiPZz,532221669,0
375060,odFIxRzJ,ASkXfMEXnNC,HItiIQCkzlW,odFIxRzJASkXfMEXnNC@gmail.com,CZK8LjQuPW,103087268,0
702398,kReGEXsO,mRZm,ZBLQOFrg,kReGEXsOmRZm@gmail.com,KDjVGmPY9K,929607865,0
10846,atBhSPcGZ,OmaloJcwlXRRP,GdpLPZ,atBhSPcGZOmaloJcwlXRRP@gmail.com,r2VF1YdIz8,943580330,0
127993,ZvZSKRrBMihTgTI,ZcnHAAgcl,pYLUe,ZvZSKRrBMihTgTIZcnHAAgcl@gmail.com,w6vSCc5aVS,372415093,0
497005,jcWIuiLS,UTgGyUJ,MvoJdlDqfaqg,jcWIuiLSUTgGyUJ@gmail.com,YX3S8zpIEu,409529185,0
886627,hYUUJa,ZABJS,iKkHxesB,hYUUJaZABJS@gmail.com,wAitDyKDp8,500677409,0
47495,SSxUlSpYzrjv,jPe,ImHNfPRV,SSxUlSpYzrjvjPe@gmail.com,y9NxBLfQVA,168041519,0
265541,wgKvxVZjxYgIv,SAteWJ,JzNGiHxuGPElQiU,wgKvxVZjxYgIvSAteWJ@gmail.com,9jua550nmj,535438881,0
556888,NlnEEYSY,xWnb,CoepibRHKv,NlnEEYSYxWnb@gmail.com,dQi6cxptbk,705648814,0
908663,CNH,IKNfdg,LkiFhFQpYUkM,CNHIKNfdg@gmail.com,Yh4TVvUW56,533769735,0
158039,LTaFTeyudwqwfDe,EkyVmCyVsbnxI,TNpTpBsWsh,LTaFTeyudwqwfDeEkyVmCyVsbnxI@gmail.com,UkWu2y0n66,645488206,0
613143,MnrbfVhubJtU,rbUplmcrtH,YOIO,MnrbfVhubJtUrbUplmcrtH@gmail.com,6ruiyUxNwg,930856224,0
671705,LvfokCHMn,qXmWdzWh,JVISRQT,LvfokCHMnqXmWdzWh@gmail.com,7X8s7sI6uH,704092364,0
662931,eHlRyVKD,CHpAfw,gfdXUpQ,eHlRyVKDCHpAfw@gmail.com,wLl54rTKtj,856769036,0
927788,TBw,LFp,OWIziWd,TBwLFp@gmail.com,NlGFuAE5pX,737889803,0
607819,RDiLeveu,VwmFjeZabwbaTg,BsRFenAlS,RDiLeveuVwmFjeZabwbaTg@gmail.com,nxXWD9rhqJ,496005179,0
504143,NoUBkSh,pmPopuXCrbsyVw,UIVVCEJWjEqFcQN,NoUBkShpmPopuXCrbsyVw@gmail.com,b8iv6L53t5,801598467,0
824818,WwrmtpwvgY,zsHbu,KRQiDsDF,WwrmtpwvgYzsHbu@gmail.com,7dZJagD6gA,421855312,0
420369,ksERLNdOVAUBKG,tPglAYZpgo,gqGezbbDcAKug,ksERLNdOVAUBKGtPglAYZpgo@gmail.com,H40NebqYFv,672995179,0
69222,uDotGAPbesedvj,MBda,egC,uDotGAPbesedvjMBda@gmail.com,AZJmkvleC5,125675563,0
70093,yjeqkY,PdiyM,Qtmi,yjeqkYPdiyM@gmail.com,0hiRSwvuqa,696808502,0
30125,wFHziMJwsmEjg,YPAzYKPTjNb,rkW,wFHziMJwsmEjgYPAzYKPTjNb@gmail.com,oXzF7NtY5A,985691160,0
584336,HEgUCAdEDzkIwf,nlYOXMFdQlVQGJ,LeHJTretDr,HEgUCAdEDzkIwfnlYOXMFdQlVQGJ@gmail.com,TRTDar4wYf,931905476,0
702618,hehjhCTvftIjRRJ,neNcJLtrs,cvemkDume,hehjhCTvftIjRRJneNcJLtrs@gmail.com,Q5BkoxuPAU,563479871,0
424175,ImfEvbmnQtWbQL,kvVMTRL,BgHsVlmiVZw,ImfEvbmnQtWbQLkvVMTRL@gmail.com,zIXWRsFlFV,980202617,0
765512,pvYFniDmff,xRhASfPF,mCbSfijDGsozhSk,pvYFniDmffxRhASfPF@gmail.com,uXVhYr4i8s,114469749,0
305586,bvscPvOTU,IkehcJNzflzvpX,HzjTQZMeUtpmIF,bvscPvOTUIkehcJNzflzvpX@gmail.com,LYUvjPiCeb,247433671,0
382081,ydxKInovrbWN,gkLvU,NuWvJONeazbmwj,ydxKInovrbWNgkLvU@gmail.com,F2SUc3Pj2M,944055831,0
272154,FLpVEwLMAyRyXrb,jsoWpsvxN,PrS,FLpVEwLMAyRyXrbjsoWpsvxN@gmail.com,8tQ1ntZmXY,308868657,0
996806,YqEHNwcqHT,aapID,oFtjFoOSbzN,YqEHNwcqHTaapID@gmail.com,fqaXzrCHJn,147926731,0
615709,aPaOB,BYimtm,xGvNhSQzwFiwm,aPaOBBYimtm@gmail.com,yxMU6WcCAp,717110450,0
779367,sXHTaUv,TvjYA,NcTLLDtoS,sXHTaUvTvjYA@gmail.com,kSVxkhtqVC,232722930,0
383766,SWIlGDU,UUtBtjeAz,RYvw,SWIlGDUUUtBtjeAz@gmail.com,SVBNJI3cel,510272422,0
758598,OKJduYyqnVHOp,ckhWevgKfGwuq,TpSiwdqzIWTIMi,OKJduYyqnVHOpckhWevgKfGwuq@gmail.com,S7eCBibUaS,445173841,0
845608,TjAgUlvuY,ZCVOmrpYCE,KhIVcMOTGy,TjAgUlvuYZCVOmrpYCE@gmail.com,tsKPX62f5J,283350474,0
76087,VGJHoAt,rHIZmerGAoI,eRRPaLOZfA,VGJHoAtrHIZmerGAoI@gmail.com,6MzsAdMgxR,457180791,0
915447,fuUqWZAz,dHsp,EHGEUBIbY,fuUqWZAzdHsp@gmail.com,hqODdGEtSD,978762892,0
318096,YZjLaEuin,hiOzsccmvsb,kxc,YZjLaEuinhiOzsccmvsb@gmail.com,IL1AqSC8JZ,996401493,0
425745,nicAxxsry,wEXJ,HUgMFboeV,nicAxxsrywEXJ@gmail.com,j8CYILkWMh,268281966,0
217938,IMPFiVVvg,VumeDRJfcGdreZ,qXgAPMpXKJu,IMPFiVVvgVumeDRJfcGdreZ@gmail.com,bjKhfpJljK,342235369,0
331270,LSbqHCfYfxly,sPipiTPflPdRPM,VCqIK,LSbqHCfYfxlysPipiTPflPdRPM@gmail.com,i2QKTJHNV8,199227400,0
770300,uLxshkUvgBPIKBF,gpA,jNGEAZmiehoUHl,uLxshkUvgBPIKBFgpA@gmail.com,QIP53SHIGP,649194226,0
670601,HfZJiNJgnPv,SAM,MHc,HfZJiNJgnPvSAM@gmail.com,n6XBHJATDd,397492101,0
47361,lpVfmrbFNPWIT,pWNfyvSSS,OTSF,lpVfmrbFNPWITpWNfyvSSS@gmail.com,tbMTCLq23E,180960919,0
911978,Mkjvx,swDgqwgQSWEy,JgVyYrCgFFGEUs,MkjvxswDgqwgQSWEy@gmail.com,kBQID2hER0,578398073,0
405996,ztYlGZU,PSKeTIIeC,GnPCwuNSNRI,ztYlGZUPSKeTIIeC@gmail.com,nIGztrvT4f,690569550,0
672626,NfeIZgA,fnxVgraaJmHo,OvsLhRSObPV,NfeIZgAfnxVgraaJmHo@gmail.com,QmnyUfo8Ct,528318612,0
112674,vlHFHiLZqXquW,OraHGXKX,vbhVChdqBH,vlHFHiLZqXquWOraHGXKX@gmail.com,SiBleeZngO,704822105,0
799272,kDUBSJQzpyWhkly,luUivlnVQM,cbTB,kDUBSJQzpyWhklyluUivlnVQM@gmail.com,a2biyZnVCv,573480160,0
633930,fcR,ZlwIW,xChSkyOZMcJLkO,fcRZlwIW@gmail.com,2wxRoI7zvM,685380526,0
176152,Iug,bTVRDEjYwUsxWq,erZN,IugbTVRDEjYwUsxWq@gmail.com,hxJmVSrU4l,373028337,0
576109,JTwcb,tuhFQBWXjryDzl,hLKw,JTwcbtuhFQBWXjryDzl@gmail.com,xBrnieIUPe,952570018,0
431007,JUD,VHekoSbNe,YEdJIvIYEHpdJZa,JUDVHekoSbNe@gmail.com,h2f8DxjVgW,441673335,0
25062,JWmxg,jwRrPNbzSDJm,zFiQ,JWmxgjwRrPNbzSDJm@gmail.com,CTihoictMO,961561316,0
771798,cZk,NEfGERqHwUnNgj,pnESpNjWdZex,cZkNEfGERqHwUnNgj@gmail.com,MfqgiSzcZC,210066355,0
239933,JLuZexfOqlknu,OjIhoduSOfYL,QnJaqQrEEfSqc,JLuZexfOqlknuOjIhoduSOfYL@gmail.com,dgK8EL1KfS,136557152,0
939729,XEfkAnUX,pXLdn,XxDLWpdoWHkqy,XEfkAnUXpXLdn@gmail.com,cYiHNyu3Cj,384621195,0
819612,QBoHzNFbdy,ymhmLmmlC,lYwDLdZaADU,QBoHzNFbdyymhmLmmlC@gmail.com,XYN2fN5eQm,334230747,0
825036,UsErUxNUiZOyc,PgTSpwN,mNcwfuEUvcdw,UsErUxNUiZOycPgTSpwN@gmail.com,WsoFikwGRP,511378135,0
909601,VOS,mOkNFaaCujIU,gebnPIcPVo,VOSmOkNFaaCujIU@gmail.com,sMf5lTccoV,106870724,0
846603,uKdwGMUCbYVeI,eEudbQJsBWG,EGf,uKdwGMUCbYVeIeEudbQJsBWG@gmail.com,rZcCq88BHd,376249338,0
785644,AmyUccS,WSUJcVDhcAGggp,ntSKT,AmyUccSWSUJcVDhcAGggp@gmail.com,JU6OedxEtY,952662428,0
544605,RsKvUCx,FmZpMXzIA,edJL,RsKvUCxFmZpMXzIA@gmail.com,VNlUUJr1P4,507525608,0
949735,eKTreBUf,eFUiyQKecwe,SKLMmvPPyhEOLc,eKTreBUfeFUiyQKecwe@gmail.com,blaMKQVDiH,740378863,0
376021,KOhLPRCZw,yGpSHrxYRoUOS,QfJUP,KOhLPRCZwyGpSHrxYRoUOS@gmail.com,rFn3hWQz5B,298935271,0
366668,nQHFYtfPL,wcdsPBTm,wfA,nQHFYtfPLwcdsPBTm@gmail.com,NlqdYdv9Jy,492352188,0
723569,ROJwnj,WYxpXEOtYJl,XWtBseXAnVFX,ROJwnjWYxpXEOtYJl@gmail.com,TMs4GoFHcD,673669044,0
252011,RThJ,IHewGvinng,Zwi,RThJIHewGvinng@gmail.com,Xxi53r6drY,850968064,0
486987,vxnZeojwetmQw,ljdpnHqMge,yxbYZxEoIoNpxd,vxnZeojwetmQwljdpnHqMge@gmail.com,l1ZZ6jOb7Z,642352053,0
146352,cxzIIjDJN,QCtwiTxHn,EFgikzRQHJgdRc,cxzIIjDJNQCtwiTxHn@gmail.com,wVGmWxQHGQ,482846049,0
691220,zrLrJv,cAyhOUuoNKF,UYXnThvF,zrLrJvcAyhOUuoNKF@gmail.com,s9YeeR3A8k,421379839,0
374416,cfjJDFimUSylZAq,uVQmJJIXm,IumcNJM,cfjJDFimUSylZAquVQmJJIXm@gmail.com,jLLbExlXa4,771619877,0
6306,dcXd,wohBaBXgrxg,hHXoq,dcXdwohBaBXgrxg@gmail.com,4VCS0ZD96k,550009349,0
26153,JpDBVilg,NFdZHOU,kGrGolimEdyMlK,JpDBVilgNFdZHOU@gmail.com,jjKrLDlaqd,913822318,0
393426,wiYWIHoG,sznsf,zJd,wiYWIHoGsznsf@gmail.com,yZYTKZUmFA,308079836,0
35896,bVtTnqDkvOKdD,OtlfdR,uXBzGbNqFlhJGN,bVtTnqDkvOKdDOtlfdR@gmail.com,P6sgVp78DV,574323546,0
570744,RRGosAzqXHm,plXP,GJJTNVgjNs,RRGosAzqXHmplXP@gmail.com,JGTrCyKsqV,975436271,0
652408,nSsoCrvNtmKlID,kheV,iUWIpBBogigaNh,nSsoCrvNtmKlIDkheV@gmail.com,M8m4vPiSvS,217537719,0
875215,OEMxxUbnZJ,HXzapYLLdhGu,osIP,OEMxxUbnZJHXzapYLLdhGu@gmail.com,6THo2sJNvH,115236916,0
155437,VZzmbUr,xWgVMzXe,JbPPhAUUuyPQJ,VZzmbUrxWgVMzXe@gmail.com,mv7CwrnPJ0,336524502,0
631642,MgTNUMxZRYSjS,xpnYmks,mLf,MgTNUMxZRYSjSxpnYmks@gmail.com,bs8Insoxno,201651193,0
577043,DcbZXYs,BVH,ciEHxiRbXCs,DcbZXYsBVH@gmail.com,FWKRgQObxQ,666112829,0
10995,XNDhjBth,OzNdTxnm,HEqByD,XNDhjBthOzNdTxnm@gmail.com,eZcMIvwm3T,837222711,0
444559,KSRoXxWYDSw,XDJHzakRYtRekDs,PmZhSM,KSRoXxWYDSwXDJHzakRYtRekDs@gmail.com,csagw2PXa3,605857298,0
375955,gYimq,kkYWlwaXqP,rIgDeQtzlrK,gYimqkkYWlwaXqP@gmail.com,9XhzU7nS40,664738419,0
383963,YILYRDxnzcV,qJsEdOYNehTUOBC,XbrmLVkSgUf,YILYRDxnzcVqJsEdOYNehTUOBC@gmail.com,TQ77ZVS3Av,413369878,0
60054,cBzCUUVIFiJAzrg,XMRPMI,uJGz,cBzCUUVIFiJAzrgXMRPMI@gmail.com,MhEdHeM58S,744051946,0
562644,nuRKZlSzaa,ECeXQoTmAjdetU,qcXedHRDVlg,nuRKZlSzaaECeXQoTmAjdetU@gmail.com,MqVOJczIB1,736692459,0
195380,eeXsgvgXSiKVeHu,PFflTYwKIvODmAg,efLsnqqdhkTt,eeXsgvgXSiKVeHuPFflTYwKIvODmAg@gmail.com,QrbrrDIMel,522374420,0
274496,dxavislGM,SSZUgJxKVTtYiyP,kJLw,dxavislGMSSZUgJxKVTtYiyP@gmail.com,gpB45gcr7e,780313896,0
506079,JWoJQSjFNyzdDiY,rWG,dGTnCZJpNcOteOz,JWoJQSjFNyzdDiYrWG@gmail.com,9UjSOuXnOI,659627611,0
350169,vxbLux,Zytko,rICz,vxbLuxZytko@gmail.com,0rGHUxIHRW,357247812,0
519640,jvOQfnizWlPguJ,aUztbeV,iQJtAQzSEF,jvOQfnizWlPguJaUztbeV@gmail.com,AVSty9Ce1Y,805105337,0
131686,HgIfk,KoTSaAwVwNAZSjW,gbVSzzekkVJzqI,HgIfkKoTSaAwVwNAZSjW@gmail.com,1fsVtx9yjO,353031310,0
57161,kmjzTsnTX,EMaKuh,vxQnSsKypWKG,kmjzTsnTXEMaKuh@gmail.com,Z7Bv2ORde6,519234296,0
887477,NDfyNusiVSPf,OFTBfCNkvwBF,AdEyGEla,NDfyNusiVSPfOFTBfCNkvwBF@gmail.com,ja4h8HCaLj,117565017,0
44272,eGIvtzoBViFmui,xfuvCdYmh,IkYqRS,eGIvtzoBViFmuixfuvCdYmh@gmail.com,mLJxuDwmjz,372787258,0
756737,tUrIVjm,HJNS,FeBTxM,tUrIVjmHJNS@gmail.com,BAwCT9HYZ8,830592585,0
208243,gnewUNQczVKck,beeTW,tFd,gnewUNQczVKckbeeTW@gmail.com,ewL7t0EJoR,288085459,0
624576,NTrUiicVWcLgfB,Bwmqqqkv,BitC,NTrUiicVWcLgfBBwmqqqkv@gmail.com,s1qNEiqhcd,403161715,0
411627,CuEtyyMlbLndNJ,gfKzgYJxL,MVvKGifDddmvNS,CuEtyyMlbLndNJgfKzgYJxL@gmail.com,qs5bDf1iJP,669956841,0
306197,AbRb,KdceerNEbyqDFf,opcjsDCmWsvI,AbRbKdceerNEbyqDFf@gmail.com,aOBK7zDlk3,925240193,0
105012,zJkLvJAMV,ZSLfY,HIOGQDddVohQQxN,zJkLvJAMVZSLfY@gmail.com,QVXzORDiEM,510620053,0
731060,aKCPjFnp,ZCH,dbz,aKCPjFnpZCH@gmail.com,pszl3KcEuR,419761111,0
606505,RQkPJubTEU,QmYu,ttrmjqWfQP,RQkPJubTEUQmYu@gmail.com,pPAf3VjJhw,993453154,0
394116,ETLdlFmtnwUu,gGONkpApPR,rLytExrCOvbVX,ETLdlFmtnwUugGONkpApPR@gmail.com,4nAxnAnb5y,969437906,0
712014,zGccLnoISepPR,VftcYQvucvNkd,iMytEsRDDHmlgLb,zGccLnoISepPRVftcYQvucvNkd@gmail.com,WTwFG5rPQr,204739945,0
872064,AODAPYalkhnT,qIZCBQhWz,ZIzFo,AODAPYalkhnTqIZCBQhWz@gmail.com,4r1auxnawG,690894879,0
505346,YeLvJOmEFz,LpReHcWkyrM,gpwyjaXESuuQI,YeLvJOmEFzLpReHcWkyrM@gmail.com,MRk0rm7igj,822540452,0
407637,hEOZsWOuhRVXJ,SXIA,nBiW,hEOZsWOuhRVXJSXIA@gmail.com,keFyZKozZn,947742553,0
287078,CpaFPnS,EEd,SGoBBHcSd,CpaFPnSEEd@gmail.com,W1G1W6MJOZ,820153265,0
651890,cEwSZqGpUemjkI,KUyBqIhJQNgc,SxpalOPQxOtiH,cEwSZqGpUemjkIKUyBqIhJQNgc@gmail.com,Gkm60zQFzy,500914647,0
118118,siA,MEqccojD,LSm,siAMEqccojD@gmail.com,01U45l5SAW,405632491,0
835068,LXlueRZnqgXQ,HXnZhCkbnW,XgAVMmxwplO,LXlueRZnqgXQHXnZhCkbnW@gmail.com,kI3w31MfVE,758519780,0
512401,LvoggPlMowBCRS,njZCUTgYbpgzU,iHLFeZagTsrKPgs,LvoggPlMowBCRSnjZCUTgYbpgzU@gmail.com,zG8gTmFlOZ,579934335,0
778386,FBMUYhxvU,XsyOSTrSUvfbXzk,iMyH,FBMUYhxvUXsyOSTrSUvfbXzk@gmail.com,2kLX7xS1rt,255471574,0
859596,pohikmiUpk,CnXtcVl,GcJIv,pohikmiUpkCnXtcVl@gmail.com,tzTGKQktvU,797531903,0
840220,qFAX,SBoImKksnBrimj,EPWxqEIhdt,qFAXSBoImKksnBrimj@gmail.com,Tr2fbeZ2IC,143034951,0
363536,qdNZoDAXACVy,knlCtIdyGHc,jlqXMOrs,qdNZoDAXACVyknlCtIdyGHc@gmail.com,GUJkx8SZEH,503421121,0
325426,BgMQptpiJVzZWW,FmDWDjOqfXh,EKltORUZDhooKqG,BgMQptpiJVzZWWFmDWDjOqfXh@gmail.com,8bSQWPRZVX,341089689,0
125469,nnQSwW,PeD,BlVBNLKsH,nnQSwWPeD@gmail.com,CAwF4yj9QU,678658335,0
133166,QWNBSPeWEzct,owsnNUQZsvJK,XLDVvecdbB,QWNBSPeWEzctowsnNUQZsvJK@gmail.com,2DWIupeo68,691969571,0
781337,fAiNTkkGjuWUNgn,wuHFiL,HxRwlsWD,fAiNTkkGjuWUNgnwuHFiL@gmail.com,HrxJPdaxIF,905783010,0
655339,tryfoyojj,rsEdjIfCiTv,mzlJVFCFdvcMWA,tryfoyojjrsEdjIfCiTv@gmail.com,gso5BXHw2a,860865962,0
404656,jRkWrIwgSfNHY,nBzP,jJVCqTGYBFy,jRkWrIwgSfNHYnBzP@gmail.com,cnGnf2skZT,775104404,0
956545,bpOkwrOUQbVE,GmFV,DjzGPiIBwc,bpOkwrOUQbVEGmFV@gmail.com,BAY1JmwOJD,448496235,0
574407,kSmxDRJQbRgyMO,XaQlaQDNpH,vrhXigZ,kSmxDRJQbRgyMOXaQlaQDNpH@gmail.com,qdMFpqYrC4,380965680,0
937806,ZlYO,iNwmC,YBWxHkwZBAPFFY,ZlYOiNwmC@gmail.com,oSw4vVUfY3,904471687,0
895207,jXFr,SHKgW,qQXQYMENNlDZp,jXFrSHKgW@gmail.com,EoME7QUOlq,174632490,0
864674,uwdLptAkzF,uLljW,bMIiW,uwdLptAkzFuLljW@gmail.com,l4huO9aIk1,234864547,0
286525,AKnPI,vUZkXVsvVG,ioSSl,AKnPIvUZkXVsvVG@gmail.com,BKaYJS4PEY,614155724,0
757795,AczWvtkyJobK,UmjbbJlNyux,vbruEGHWvsq,AczWvtkyJobKUmjbbJlNyux@gmail.com,nTxMpeWh8C,601189541,0
163045,hbOPqOIVvEGCdLS,FlhHLzQckZk,kfNnn,hbOPqOIVvEGCdLSFlhHLzQckZk@gmail.com,jBhg367lyU,182254688,0
820918,ViZ,PAlbmizUb,ltKwrMsHBve,ViZPAlbmizUb@gmail.com,2Ms2GOG9h0,764251555,0
418395,qMhPapUx,hCabBx,tIvDiXzRScfJf,qMhPapUxhCabBx@gmail.com,vAfHq66N0W,271104716,0
399148,CpZXQiMwV,ncHbUOTgFCy,LZnsJrXi,CpZXQiMwVncHbUOTgFCy@gmail.com,qet0RLAnzu,145940002,0
316579,QZsAI,QUA,jnshnUSf,QZsAIQUA@gmail.com,ZD0Pt4XoI8,889750899,0
988005,vaHv,dFAtKPxVxKS,rREdMIqnD,vaHvdFAtKPxVxKS@gmail.com,gJX5Qv3dMx,424376284,0
514474,mpLwfaqXeRzpYD,Ohermyd,ofLRVGY,mpLwfaqXeRzpYDOhermyd@gmail.com,otef1p2sB7,524833883,0
796474,Via,TKbTLAxLbulPCA,fWZyo,ViaTKbTLAxLbulPCA@gmail.com,eiioRQzaHY,742623039,0
94750,NCX,HoSeFtLWH,NPrGDEJweJVaehs,NCXHoSeFtLWH@gmail.com,gMM2hl45Ga,664588828,0
406377,TFfoRCFSdEIwDif,EKlwiU,Mmtar,TFfoRCFSdEIwDifEKlwiU@gmail.com,VUEVk2kT7X,705815320,0
213613,SLWOUIKsMLqrGl,gfthqC,ovJJdtv,SLWOUIKsMLqrGlgfthqC@gmail.com,eK37ax6vqJ,599032773,0
945672,axHBk,RTyOTMEDPUevZK,LsB,axHBkRTyOTMEDPUevZK@gmail.com,oouhDpCAVy,557226614,0
420711,UKnwZQlcDdIk,HebpAuMj,dOFl,UKnwZQlcDdIkHebpAuMj@gmail.com,1PJMROShTG,689474594,0
566729,exdpo,KTyUIcfM,nqFBwAmfMBYSlA,exdpoKTyUIcfM@gmail.com,hzXRO1nOle,839629628,0
247264,vOtha,bxulHCXLMmw,vcRsARvXoyhfT,vOthabxulHCXLMmw@gmail.com,V0Mpr8nOBj,861936413,0
726958,yauoW,pXKvPBtcrS,WrpMkWJbwcULMX,yauoWpXKvPBtcrS@gmail.com,LaKHMSFGQW,894063382,0
488819,DDsYyQO,qkgRdXvBEzQVgrf,peMdxlUghQCDOX,DDsYyQOqkgRdXvBEzQVgrf@gmail.com,bejGXeSgYD,645801097,0
981753,hLvK,OZZnt,sfurIqIDDjIOreP,hLvKOZZnt@gmail.com,eI884plFIb,681926381,0
209857,FGMiAHlkuTiiMH,JeNOGcX,ZwnLQgTpSRuuJq,FGMiAHlkuTiiMHJeNOGcX@gmail.com,fxIRyylhwQ,540616428,0
818376,fHU,iZNpRbFaP,GSmluy,fHUiZNpRbFaP@gmail.com,RVIY42Ez1v,851357879,0
553922,QhEMMT,USOqqqrZAb,svwfDLhR,QhEMMTUSOqqqrZAb@gmail.com,hT2GMLfIdV,500502349,0
624880,QkGJXv,PDFITNJYkdA,hAHQVRtglBZuK,QkGJXvPDFITNJYkdA@gmail.com,JsKSw5CxAK,333754948,0
758475,dMihHTh,nwOdowDpxPOY,XxEYPiFfqibsPoP,dMihHThnwOdowDpxPOY@gmail.com,bqQOGle1jU,542046474,0
959540,RxCvqeAQrCMP,hiKqxM,HaSImkPYgNqU,RxCvqeAQrCMPhiKqxM@gmail.com,V28Zxpjtb1,575220869,0
548144,vTuKUEH,ZMnMbsM,LsIWycAXUFU,vTuKUEHZMnMbsM@gmail.com,m3ftN1GgTT,435564804,0
772459,XsEJgqfwPYS,XpCOK,uPOPUIQvIsW,XsEJgqfwPYSXpCOK@gmail.com,ZXNuRlBocS,957756551,0
917531,pLg,EvdC,SWXcpHuZorBnNic,pLgEvdC@gmail.com,EmTDw3KW1c,148494001,0
885548,lsWlh,AiXaB,UFdnskxK,lsWlhAiXaB@gmail.com,oEFfozn9f8,636044895,0
982010,ZQuQF,mrTYh,VNWVslRpPRYpZi,ZQuQFmrTYh@gmail.com,X5z753XUqO,275641552,0
11809,QedbvOkFvueFF,rgegaPFInqWNHPE,gtVJBQvvmm,QedbvOkFvueFFrgegaPFInqWNHPE@gmail.com,lKk7jSAlnu,587933698,0
43622,xjNczG,SxSqE,ztFuKg,xjNczGSxSqE@gmail.com,C1G5npx4Ps,573080234,0
865877,XULosujqBmXql,OiXBLDRyRTgfp,nFgJo,XULosujqBmXqlOiXBLDRyRTgfp@gmail.com,2H0igiKGIq,560714948,0
556566,xmqETz,FaBcozDEwspbvG,oXpSbeWMrGlCA,xmqETzFaBcozDEwspbvG@gmail.com,Z3gYzBBNT3,553967105,0
799533,GSHcHvafmAdo,zJI,zPuosNUf,GSHcHvafmAdozJI@gmail.com,3loer4mngs,272195461,0
348462,nXekZEybg,QarDliS,iaJPOdgJDzEO,nXekZEybgQarDliS@gmail.com,OawZr2vd45,733918414,0
907596,jwrIVhluGEbQ,ofBilYLmVoeyFB,PzZS,jwrIVhluGEbQofBilYLmVoeyFB@gmail.com,QQIY7EedQr,153928226,0
584678,vaIUphDRNDpVni,NRidTEpCSJCi,XKtjAGAAtpCw,vaIUphDRNDpVniNRidTEpCSJCi@gmail.com,oAMOnUqXAq,594239288,0
294475,MxJtb,aAShtmIDwump,KXPhCPIEIpiz,MxJtbaAShtmIDwump@gmail.com,k3zLyRG5dx,964529177,0
438269,LiDZ,BvbXVwZp,uDJF,LiDZBvbXVwZp@gmail.com,EDerCTrxDy,321939887,0
644995,vXzPqDyJGPDgm,nfvjJzNvcyK,FHAPpHQigrCJ,vXzPqDyJGPDgmnfvjJzNvcyK@gmail.com,gC7Nml8z3e,585671330,0
73461,MhZsLHEezzKri,mkvphDklocCrnqW,EHiYuEPUFUFR,MhZsLHEezzKrimkvphDklocCrnqW@gmail.com,mzDJKnMsPq,231790770,0
94662,vGIBZVupDqcCVNv,BSXScCrLmyG,PmADphAxtKnd,vGIBZVupDqcCVNvBSXScCrLmyG@gmail.com,7wEudihBWe,108755473,0
787167,obRjCnoc,Nnzik,OrDCIyhwWrnWuu,obRjCnocNnzik@gmail.com,h8XG0UktE1,811864178,0
789561,dCFYlzwd,EwbTu,lfEpCDCYpy,dCFYlzwdEwbTu@gmail.com,NW0zqfYYez,236859448,0
46238,CNmHbsKsqcFh,RWi,pAhlNbZQ,CNmHbsKsqcFhRWi@gmail.com,SwGs8yuTGY,962415868,0
420003,rmvIOgzIqsjbr,WWvmiRtsazZFre,XYtMNryEDIRz,rmvIOgzIqsjbrWWvmiRtsazZFre@gmail.com,JvkkKxZJ0S,669931020,0
102560,nJNrJsN,MlDtxYvTitKUcLB,QXa,nJNrJsNMlDtxYvTitKUcLB@gmail.com,o0mIN9Ic4z,973471153,0
694564,icPhgVG,zNWTDYizM,qNCxcI,icPhgVGzNWTDYizM@gmail.com,cGqGutim7Y,375060213,0
997701,EmSNS,ekSCA,RmfMvWoivgtY,EmSNSekSCA@gmail.com,9u6Jy5QwBX,662388643,0
482177,bGA,OrVPe,fDqIFKA,bGAOrVPe@gmail.com,JZik0b45vK,384921209,0
113704,JXRPQGsGP,VTAFEuooB,BpJtslRKNKKbBXD,JXRPQGsGPVTAFEuooB@gmail.com,iLB6DeWTja,368887275,0
829541,WOGHnaBhSQzGHH,rab,YPxEJAc,WOGHnaBhSQzGHHrab@gmail.com,v29CZGUSxN,735919150,0
832944,YhVKLYMjYVaXgoZ,MMUrOWRz,uhnZyil,YhVKLYMjYVaXgoZMMUrOWRz@gmail.com,tSFnv95V1O,485737381,0
117381,EGBRglfwM,pjWZasWi,oagChsPxphHgMa,EGBRglfwMpjWZasWi@gmail.com,S0bp1E43wV,432879931,0
368554,qKIDGHBPQUDt,UoAvOmNxZoSZyI,GRkhtPfxgTDCS,qKIDGHBPQUDtUoAvOmNxZoSZyI@gmail.com,9Chfbts2st,899874541,0
128739,BlYJpWtUHpA,UoyGRVJc,RWHoXNvMVR,BlYJpWtUHpAUoyGRVJc@gmail.com,IVGgup7qQP,876399920,0
516934,xrucX,jjLcrWlHU,TmKLmhuK,xrucXjjLcrWlHU@gmail.com,Q5KOuR6B48,852828365,0
748849,MQDdfcVVWLHOcF,pRgMlfwHaadxZnd,yyCjgcPOjWP,MQDdfcVVWLHOcFpRgMlfwHaadxZnd@gmail.com,5CRT90H43H,557216851,0
473784,lRH,jyK,nriprd,lRHjyK@gmail.com,rGtSM1pZcq,668558318,0
494633,IsP,fSbREODPFSaXJdm,spqOhyEBXCPm,IsPfSbREODPFSaXJdm@gmail.com,LHCeiUZa4D,277724965,0
314169,nJL,gwKcwzagZiw,lrWczSymnrL,nJLgwKcwzagZiw@gmail.com,fmqAEjh50M,292616112,0
404040,CJdKfWwx,wVUwh,cADwPwpJNp,CJdKfWwxwVUwh@gmail.com,ebcxXBwPgS,219735029,0
374680,UlwPAdfWEsbHgTK,VUtZSDDSdDJ,PVC,UlwPAdfWEsbHgTKVUtZSDDSdDJ@gmail.com,zGUbPVDenv,687252490,0
820873,ZgMbahzayDZae,NPg,AvRpxsgCSBk,ZgMbahzayDZaeNPg@gmail.com,KSdoKBZSXV,545894899,0
242240,bIekL,KQOkMNj,Yji,bIekLKQOkMNj@gmail.com,jyuDnRTGZP,862810181,0
387365,yjKSHTEPs,ZoPXDJ,aMYQWKtVCDWiE,yjKSHTEPsZoPXDJ@gmail.com,f5Xa7G9tpa,190290007,0
579125,txrThp,sbxymjYxjmHgB,VvyxWmPGIFEA,txrThpsbxymjYxjmHgB@gmail.com,LXrMWmQ0Lt,597042290,0
190519,IlMVjzrZJIYd,RBqYrs,xvowEm,IlMVjzrZJIYdRBqYrs@gmail.com,G5qeu9Zf4d,352153909,0
807279,wkCmjETKCaMEXg,xsLpzWaIuQU,CndJVAXIZYdRPX,wkCmjETKCaMEXgxsLpzWaIuQU@gmail.com,niiqi9406F,572213127,0
181999,btfhBWUsQyQTa,RteCOCjoeCKVH,qQJtQXcVWLVH,btfhBWUsQyQTaRteCOCjoeCKVH@gmail.com,rKuyuNCGvD,945699441,0
659609,qQzIqJzhEJAwlKP,geuT,fiJHS,qQzIqJzhEJAwlKPgeuT@gmail.com,6XVFoadBJ1,248453885,0
938271,UjglKBJu,KXlf,uAMJRTZowILGhBy,UjglKBJuKXlf@gmail.com,cQJMPsXQLc,695111986,0
405002,XfazATeMWp,iQlYqzBdXVNEeF,SrdZrjZw,XfazATeMWpiQlYqzBdXVNEeF@gmail.com,OsnnXEzaQp,312102291,0
999625,nWi,bDop,TWmxbAAiIwYmhz,nWibDop@gmail.com,NiHg8e6eGd,537772454,0
945809,kwyw,SYf,Raz,kwywSYf@gmail.com,z4q7BaVMHz,172958784,0
216774,NLRprcA,PUyRZNjSKcvRo,OlPgOgTQkj,NLRprcAPUyRZNjSKcvRo@gmail.com,S43h1ov5NV,160331177,0
542564,xSPoiUmHEEbq,VLwYSgaXALA,boiQFrC,xSPoiUmHEEbqVLwYSgaXALA@gmail.com,FwH0SQZ3Xc,407632132,0
728820,wFlYlQJxtRLdb,TNd,NKmdxNFFrQVMKcP,wFlYlQJxtRLdbTNd@gmail.com,ilF1Lp9hO9,284830858,0
675395,gJrvNoSuOi,fxFeHUVvjIYhQd,eQum,gJrvNoSuOifxFeHUVvjIYhQd@gmail.com,Zov1MoCLX0,587090765,0
65620,kCOxqzgBccQKICM,bOxL,ooUQGRI,kCOxqzgBccQKICMbOxL@gmail.com,Z4aEusAoZc,438481758,0
792473,oAOfCtU,eAhRBmqjcA,WpEDlbaZEkYJ,oAOfCtUeAhRBmqjcA@gmail.com,bxlzpw7Xsm,731438897,0
211244,zDxqnW,nnoE,MNDlkBPp,zDxqnWnnoE@gmail.com,0Kn5htQ7fM,786748865,0
808257,VUXHIbAN,pfItnVPrYx,HUdJmiS,VUXHIbANpfItnVPrYx@gmail.com,g2AVu1vUuM,718616449,0
916349,DyhldSq,rwq,FDb,DyhldSqrwq@gmail.com,qShcmDGRM8,882832124,0
115483,LLKjCc,NCpNiouBJjJA,FDmkKGCrtSb,LLKjCcNCpNiouBJjJA@gmail.com,qJzQ9wNymx,392393697,0
853728,eMe,TMbdW,luodjBtNge,eMeTMbdW@gmail.com,VBM0aErTxG,129689251,0
227990,bXbcT,zbY,xXHgJNWBMpsgYJL,bXbcTzbY@gmail.com,1NRIiieDZC,357792631,0
862822,wzuttHWqabuPyo,IJjLz,mrSpemSLGJC,wzuttHWqabuPyoIJjLz@gmail.com,aTbUPySRW0,447737311,0
267347,pSLctpBYpnTJk,tUdFgaiYdtaZ,wXyPefUOB,pSLctpBYpnTJktUdFgaiYdtaZ@gmail.com,ThcVWSSVnX,983630296,0
871809,BpucoCnnfd,cvSVNEn,GSohuTe,BpucoCnnfdcvSVNEn@gmail.com,ob5HXJlHJ9,595301607,0
371743,KVzch,QTfAL,KKQKYn,KVzchQTfAL@gmail.com,kYrTcBD2XB,185876470,0
275579,JHejkUofikDve,REkmlGa,CtFsnCuGZpXIi,JHejkUofikDveREkmlGa@gmail.com,39MrpUtqV7,529120336,0
983772,mkHDQHrSBWyFPgA,qBq,eupcjD,mkHDQHrSBWyFPgAqBq@gmail.com,k7Q9F06MM5,444568794,0
279824,rzldxHydmGmq,aPmXgQQtR,KlHXjfNWlx,rzldxHydmGmqaPmXgQQtR@gmail.com,gJyikw8kO9,129191352,0
656870,DxGGlmnhIUj,IoVtXTJZoZGpg,PtVfNyslcvdUXTR,DxGGlmnhIUjIoVtXTJZoZGpg@gmail.com,12IRO527rB,630365926,0
472126,FSKBRL,nJxDDkcts,cpaZCIze,FSKBRLnJxDDkcts@gmail.com,t78OFME9r0,410984202,0
155397,zLHwYX,QMVHnRZssTyDH,yPvXZhLVmA,zLHwYXQMVHnRZssTyDH@gmail.com,TWLH2l0IqV,293955386,0
657927,rlbyFqGBZRxzbDW,ccF,sOznm,rlbyFqGBZRxzbDWccF@gmail.com,Fna1FAguqp,239840344,0
37513,MliLzQcZSh,doaTLxOmEAZM,NjsLzgp,MliLzQcZShdoaTLxOmEAZM@gmail.com,12Dxd0DE7I,509896748,0
146335,ExCkhDKqK,nnptDhVgUDctIzZ,phTm,ExCkhDKqKnnptDhVgUDctIzZ@gmail.com,oNA1y7HOgL,170318813,0
664113,Vecii,sxJKIx,WTtNeJLdUemEst,VeciisxJKIx@gmail.com,lH22gHinh7,881848015,0
892242,hxJwgQgGWouj,ePmH,yBAqSnF,hxJwgQgGWoujePmH@gmail.com,3vPlgbNZWX,144997023,0
825535,TFvTePgCABiMfG,AnSXgDR,nqmVoOA,TFvTePgCABiMfGAnSXgDR@gmail.com,ETEN9yd784,808714148,0
657123,upHtvTsTithbyHY,BsWmwGJup,kyjZryeJoqw,upHtvTsTithbyHYBsWmwGJup@gmail.com,M3Ix2NO81j,831762101,0
15674,GIZiekanlZ,zBUxUNSZzxzGmUr,iQisbUMjPhaXOY,GIZiekanlZzBUxUNSZzxzGmUr@gmail.com,66C1DEYeiT,253361939,0
115960,ZhJGinfRW,oQAAWEzcjk,ikAsjfvAVbSXDmj,ZhJGinfRWoQAAWEzcjk@gmail.com,vLcbrwWSMK,437002671,0
220766,tRBNwcpfijzhOA,VQZ,VHuq,tRBNwcpfijzhOAVQZ@gmail.com,kXflcNTKSp,952424166,0
547007,XBQUCDXUpSiAT,PzDqGjUmSriqk,ncFKb,XBQUCDXUpSiATPzDqGjUmSriqk@gmail.com,NzMbFsEj0L,450590223,0
363106,rqwpmSpG,byAhTzlBR,LAZ,rqwpmSpGbyAhTzlBR@gmail.com,TGpJlBwMua,682032663,0
69352,UkuGtHGpbq,miTBkzAsA,NIdXea,UkuGtHGpbqmiTBkzAsA@gmail.com,1VenNjSPR1,440444167,0
682604,LyDHuhpiqlor,zZkZtyaaSfhl,ImpuOaPe,LyDHuhpiqlorzZkZtyaaSfhl@gmail.com,q3BmCRCBdb,961198115,0
